,Engine_ID,Timestamp,Temperature,Pressure,Rotational_Speed,Engine_Health,Fuel_Consumption,Vibration_Level,Oil_Temperature,Altitude,Humidity,Maintenance_Needed,Remaining_used_life
0,1,2023-01-01 0:00:00,529.1061105,284.7458657,3068.290695,1.764369175,49.08608666,9.164462504,61.97111244,1084.99132,55.20616798,1,27.3
1,1,2023-01-01 0:10:00,499.6962069,270.4644752,2693.907436,1.265818591,47.37193908,7.289871685,79.35904452,1016.557471,64.38280129,1,21.7
2,1,2023-01-01 0:20:00,480.1546522,258.3144955,3139.764855,1.311213698,40.73670255,7.144858726,88.96996653,902.0395025,58.90722292,1,22.3
3,1,2023-01-01 0:30:00,531.114934,281.2122657,3043.335177,1.128121115,56.21410889,6.547841139,73.00445704,408.6930468,50.65564038,0,20.9
4,1,2023-01-01 0:40:00,499.1972082,283.3058739,3134.974852,1.56730776,47.60758545,8.252556858,97.41689769,1217.009675,48.39339819,1,25
5,1,2023-01-01 0:50:00,411.9523117,228.0068755,3176.619513,0.8926817117,36.10940655,5.667924626,68.08154151,1194.697602,64.67448917,0,18.4
6,1,2023-01-01 1:00:00,445.6218526,233.6177486,2608.235831,1.115604802,41.72947191,6.465732741,74.29496648,1141.821028,50.66451717,0,19.3
7,1,2023-01-01 1:10:00,554.2109357,297.5570791,3045.224945,0.9634426848,46.37839698,5.770423745,69.9732824,924.4870388,33.17332652,0,19.1
8,1,2023-01-01 1:20:00,505.1165978,273.1746303,2931.843686,1.376534655,49.01828376,7.645480426,76.26065353,781.3293164,55.4057208,1,23.1
9,1,2023-01-01 1:30:00,555.4964318,312.3855883,2842.093752,0.9122860731,51.80586195,5.457117271,94.9920016,1039.882158,76.14027763,1,18
10,1,2023-01-01 1:40:00,394.4357926,222.1043194,3089.883447,1.142238585,39.70438551,6.737393999,72.14899727,1252.061353,52.32113743,0,20.6
11,1,2023-01-01 1:50:00,483.4696624,261.1345361,2946.12812,1.178264441,45.19723076,6.739047525,84.11174806,769.1362539,49.00233375,0,20.9
12,1,2023-01-01 2:00:00,461.9113229,256.2047081,2982.647245,0.7046129856,48.88012831,4.746323278,85.9352202,830.9071059,63.91198772,0,16.1
13,1,2023-01-01 2:10:00,,264.7362724,3114.752613,1.590966366,,8.242377878,100.421546,1233.183833,48.10692487,1,22.65
14,1,2023-01-01 2:20:00,421.0232381,226.133141,3167.213037,1.628525695,40.5456596,8.591807081,68.28361392,1250.234588,49.1198683,1,25.2
15,1,2023-01-01 2:30:00,473.9927895,253.2233399,3065.377705,1.312209425,42.74292379,7.07127363,84.50871591,759.4668464,59.00199627,1,22
16,1,2023-01-01 2:40:00,505.3327177,280.1753532,2904.006106,1.917599143,45.74952806,9.572809594,73.51454358,626.2922736,54.95565984,1,27.9
17,1,2023-01-01 2:50:00,538.5780833,283.35904,2823.311033,1.838382913,45.00309216,9.394942221,83.40028945,1254.199958,55.08702569,1,27.5
18,1,2023-01-01 3:00:00,493.9844009,,2801.45534,1.850006216,,9.281559455,90.95423625,1221.869829,58.80817237,1,26.9
19,1,2023-01-01 3:10:00,523.8049227,275.1939054,3061.025975,1.842185407,48.21900729,9.346041067,82.59570052,960.0739357,38.72130575,0,27.8
20,1,2023-01-01 3:20:00,447.164723,246.3867956,3067.279192,1.150972796,46.91310438,6.628168367,74.66989642,937.1124785,50.31069136,0,20.6
21,1,2023-01-01 3:30:00,498.2424083,273.4265956,2986.103925,1.675280437,49.91936301,8.80930531,77.74939484,975.9719736,52.94744515,0,26
22,1,2023-01-01 3:40:00,517.9135865,277.3229625,3191.88745,1.446530654,42.09331543,7.880855827,100.7333943,884.3684181,41.68158842,0,24.3
23,1,2023-01-01 3:50:00,465.3286696,248.1039425,2844.882607,0.5124645251,48.48935314,4.038936105,87.86957164,698.9429753,52.86274396,0,14.2
24,1,2023-01-01 4:00:00,519.4063573,278.3468086,2892.66438,1.471313114,45.93034702,7.897968973,86.18128918,673.6324191,60.82932105,0,23.8
25,1,2023-01-01 4:10:00,520.8079536,291.6953068,3362.014974,1.722697205,50.25594999,8.97611268,86.44095406,1223.337918,62.71778827,1,27.4
26,1,2023-01-01 4:20:00,442.6257348,241.9905641,2721.245558,0.9167470976,44.98391722,5.782156508,87.44212323,891.8090607,48.21026789,1,17.9
27,1,2023-01-01 4:30:00,488.4000607,267.0521858,2846.755841,1.250325058,46.5576655,6.964159126,107.5402052,750.4489781,51.30456223,1,21.3
28,1,2023-01-01 4:40:00,476.6820569,256.3605867,3007.889278,0.9018727527,40.96019761,5.640391843,79.16492583,775.8719638,48.26995236,1,18.3
29,1,2023-01-01 4:50:00,564.238249,301.8469542,3353.241317,1.493200592,48.66955715,8.009006111,68.40001682,1083.982716,57.23499272,1,25.3
30,1,2023-01-01 5:00:00,511.7321089,274.8437634,2680.533945,1.046042384,48.25513145,6.040325129,69.56374279,982.8436817,69.96718566,1,18.9
31,1,2023-01-01 5:10:00,491.4405468,270.0026626,2789.907227,1.286427104,41.29028774,7.266687008,68.75120655,961.9809668,45.39973368,1,21.8
32,1,2023-01-01 5:20:00,482.8361088,268.9984784,2954.46866,1.054357795,46.52294541,6.149869998,88.39987035,1226.805346,53.92654697,0,19.5
33,1,2023-01-01 5:30:00,515.4883432,277.0810738,3172.027027,1.362445952,47.38949191,7.384567951,79.54120998,883.4107839,48.71667347,0,23.1
34,1,2023-01-01 5:40:00,582.0571027,305.6666808,3073.29306,1.127325874,49.7378489,6.497386358,103.2039359,1170.86264,63.56089989,1,21.1
35,1,2023-01-01 5:50:00,515.3145755,277.2069209,3209.821355,1.399212094,46.61255548,7.53533681,93.71562238,874.2778375,39.06280731,1,23.6
36,1,2023-01-01 6:00:00,574.8278261,310.9803192,3320.564758,2.364208774,48.31421457,11.38798293,83.39733119,833.9906109,64.31841661,1,33.9
37,1,2023-01-01 6:10:00,541.9176118,282.5471099,2945.685346,1.137187653,45.6541275,6.456927135,91.71575063,695.146527,43.24879943,1,20.6
38,1,2023-01-01 6:20:00,533.4753336,286.5474522,2769.404661,1.485306694,44.18608594,7.678376769,86.62027188,1011.441273,54.35001434,1,23.3
39,1,2023-01-01 6:30:00,557.0836938,294.1414668,3078.244747,1.290119484,46.04407004,7.392073257,81.67300419,1110.930797,52.02864172,1,23.1
40,1,2023-01-01 6:40:00,566.002694,308.3275248,3092.647122,1.089969932,49.04926822,6.156007943,74.11824423,1270.700818,60.26147881,1,20.4
41,1,2023-01-01 6:50:00,524.1680644,285.2819342,3094.933531,1.536328738,49.82778634,8.221638652,83.49697655,1194.358026,72.32971875,1,25
42,1,2023-01-01 7:00:00,441.966956,244.2878445,3323.889636,1.121276384,46.57951104,6.484354083,80.61416698,1021.756308,62.07964847,1,20.8
43,1,2023-01-01 7:10:00,471.4293529,263.0578214,3328.126034,1.550406063,46.09460002,8.113786087,74.55530637,596.6105536,45.86100614,1,24.9
44,1,2023-01-01 7:20:00,430.4591137,235.0458601,3055.7649,1.484500384,42.29216405,7.99501025,89.7510362,1018.143111,54.10486053,0,23.7
45,1,2023-01-01 7:30:00,558.5006765,308.4473468,3252.200299,1.724827276,53.02499079,8.772548643,61.67620566,777.4902011,45.99483724,1,27.1
46,1,2023-01-01 7:40:00,520.0639523,273.322083,2949.607878,1.664345739,50.78141642,8.608281638,80.08976004,1060.640014,62.66587233,0,25.7
47,1,2023-01-01 7:50:00,401.7029256,216.6184193,2862.371604,1.09896671,40.9169342,6.405914202,69.42175562,1033.431606,69.59618678,0,19.5
48,1,2023-01-01 8:00:00,426.8951487,236.057642,2398.058779,0.643274614,43.89047526,4.391024887,92.41419018,1026.3891,32.90398765,1,14.1
49,1,2023-01-01 8:10:00,480.6013343,262.106441,2823.794839,2.050670624,43.10165157,9.896078866,68.04819177,670.028361,40.3779387,1,28.4
50,1,2023-01-01 8:20:00,539.1517113,,2888.908361,1.552475408,,8.350480224,72.55796325,1046.856613,42.35085014,1,25
51,1,2023-01-01 8:30:00,519.7530241,277.3682763,3225.549311,1.20846247,48.04699539,6.765546531,85.06108436,1070.743062,53.08770444,1,21.8
52,1,2023-01-01 8:40:00,513.9166062,275.9437325,3109.948196,1.692279827,44.47839378,8.747630208,78.55263077,1193.261452,42.77312146,0,26.3
53,1,2023-01-01 8:50:00,,259.7659644,3302.862872,1.31665934,,7.228682356,99.43866566,1163.498383,51.48919731,1,22.65
54,1,2023-01-01 9:00:00,414.517105,229.2676988,2837.676562,1.387015253,42.20636549,7.502019845,76.48440506,1002.810834,52.54347918,1,22.1
55,1,2023-01-01 9:10:00,515.5963809,,2805.264768,1.473066727,,7.87002989,85.96846904,897.8964697,55.74357907,1,23.6
56,1,2023-01-01 9:20:00,582.4565479,313.1624178,3073.447388,1.570639086,54.48808012,8.400197282,69.95513252,783.0062378,41.4709832,1,25.8
57,1,2023-01-01 9:30:00,526.8445268,288.0392885,3405.660192,1.376246548,48.56138148,7.386696338,76.36598567,872.8896818,47.97894958,1,23.7
58,1,2023-01-01 9:40:00,479.5996752,255.6626433,3231.320364,1.220833947,49.51810743,6.807271034,83.74510497,979.9014571,53.3159018,1,21.6
59,1,2023-01-01 9:50:00,485.5273819,265.3228193,3169.907933,1.644631386,44.21538738,8.591365964,67.41016364,1396.412593,53.96396743,1,25.8
60,1,2023-01-01 10:00:00,559.6390631,298.7050714,2858.978896,1.553251646,51.33466576,8.125951095,82.9163376,909.0815636,54.96091918,1,24.7
61,1,2023-01-01 10:10:00,532.1348926,282.2904134,3167.885709,1.121482741,50.9548311,6.499334315,80.22204801,735.563813,61.31428985,0,21
62,1,2023-01-01 10:20:00,425.594313,233.6905297,3188.916528,1.452645002,40.50538919,7.780460138,82.14976622,1213.963445,49.19063276,1,23.5
63,1,2023-01-01 10:30:00,579.808918,311.8110845,3201.440998,2.011251659,50.45884665,10.11634175,69.68760537,760.1936219,43.49189978,1,30.4
64,1,2023-01-01 10:40:00,420.3040038,232.8817686,2927.483075,0.9946185636,39.33879282,6.00219501,90.12988424,1597.673036,46.97497535,1,18.7
65,1,2023-01-01 10:50:00,472.240113,253.1555929,2958.08869,1.384690354,41.86872001,7.521514394,74.69184539,1065.02156,39.84624362,1,22.7
66,1,2023-01-01 11:00:00,393.6548129,212.5855195,2782.286027,0.8690695565,36.38387907,5.481692506,70.35542597,1040.001802,57.84053071,0,17.1
67,1,2023-01-01 11:10:00,517.4951227,275.6227188,2891.025221,1.520277431,49.29040746,8.311884411,73.10106027,994.0193546,59.98113701,1,24.7
68,1,2023-01-01 11:20:00,,261.2669211,2695.380707,1.201590187,,6.775623012,69.11743845,1120.292612,58.30395471,1,22.65
69,1,2023-01-01 11:30:00,557.0563599,295.0529555,2949.946266,1.998914685,54.51931123,9.954695025,94.68086447,1355.823641,43.42838453,1,29.4
70,1,2023-01-01 11:40:00,469.0535802,256.3952207,3143.515979,0.9531429563,40.86836453,5.855234766,77.8930712,1293.634731,59.35159046,0,19.1
71,1,2023-01-01 11:50:00,531.1190128,280.6614443,3124.112975,1.942447815,48.01887745,9.667960417,71.40761153,782.0601465,42.73330461,1,28.8
72,1,2023-01-01 12:00:00,460.659462,253.8747178,2938.426767,1.222022618,46.0744695,6.724982202,84.32936525,781.8912455,41.43620682,0,20.8
73,1,2023-01-01 12:10:00,549.4057502,291.1265859,3429.105906,1.078679985,47.7284459,6.226796659,69.53894187,1092.798727,52.1852271,1,21
74,1,2023-01-01 12:20:00,553.6376017,294.2466913,2805.930415,1.730196535,47.16158437,9.03012873,84.54965222,1092.772214,54.69518319,1,26.7
75,1,2023-01-01 12:30:00,461.0313597,242.1861625,2679.948024,0.9581124463,39.89841936,5.803131087,76.92588737,962.1568746,58.86502389,1,18
76,1,2023-01-01 12:40:00,517.4825688,276.0674981,2993.3694,1.364006564,47.91131386,7.378834036,72.93897612,938.175436,49.27888245,1,22.8
77,1,2023-01-01 12:50:00,484.5033232,259.5844696,3047.661055,1.128608509,46.59449431,6.492667075,73.8236174,553.9708467,57.49886364,1,20.5
78,1,2023-01-01 13:00:00,484.1996161,272.6468292,2409.388465,1.296745111,44.04202763,7.184127872,101.8807878,794.8692967,42.29155493,1,20.9
79,1,2023-01-01 13:10:00,521.2866114,287.4268322,3024.738069,1.447828767,45.7147854,7.615940135,97.72837783,841.742464,40.91894374,1,23.5
80,1,2023-01-01 13:20:00,490.3720991,268.2281331,2810.47878,1.92272975,42.42312084,9.751438639,55.75163136,1016.246424,46.02530092,1,27.9
81,1,2023-01-01 13:30:00,527.5741315,282.5502252,2813.011123,1.248069575,43.92219872,6.926648036,80.34761754,798.7161489,38.57129027,0,21.4
82,1,2023-01-01 13:40:00,499.0587462,279.8089064,2967.953336,1.04140839,49.09373919,6.125998919,59.7777614,1100.994043,42.53104988,0,19.6
83,1,2023-01-01 13:50:00,380.7484527,205.6774829,3063.164408,1.320224112,38.06875763,7.280263524,60.48643082,1031.227146,40.08255172,1,21.7
84,1,2023-01-01 14:00:00,487.6440157,258.1755409,2712.5408,1.407357363,45.05142181,7.447031824,65.7898599,1130.918321,40.63069123,0,22.3
85,1,2023-01-01 14:10:00,420.417062,229.7875798,2759.223208,0.9151118151,40.82876468,5.572753241,71.54841907,1387.183053,56.1159754,0,17.5
86,1,2023-01-01 14:20:00,547.0086788,284.4886431,3269.505621,1.521493184,42.21698852,7.951314175,91.75416641,941.4820872,43.34933033,1,25
87,1,2023-01-01 14:30:00,527.4327202,277.6478787,3195.406683,1.842761999,48.79985026,9.381533957,96.19730275,1296.244364,39.57988108,1,28.1
88,1,2023-01-01 14:40:00,487.4144234,261.9960086,2874.823406,1.428214543,44.98954269,7.698374641,97.75542675,1210.462037,45.68691849,1,23.1
89,1,2023-01-01 14:50:00,557.9782984,306.0724434,3032.978214,1.580803252,51.79397793,8.290571885,86.21288073,1067.48693,58.55697933,1,25.4
90,1,2023-01-01 15:00:00,442.5169928,243.0684986,2921.069991,1.27923518,45.87591032,7.073358478,85.5075597,1122.576707,34.25610165,0,21.4
91,1,2023-01-01 15:10:00,495.2692981,,2642.632087,1.257866238,,7.108393216,95.02876442,1249.182298,57.07096654,1,21.2
92,1,2023-01-01 15:20:00,411.9771715,231.6191701,3507.697608,1.278844596,49.36358403,7.046780088,76.80242617,843.4321298,41.35170205,0,22.3
93,1,2023-01-01 15:30:00,574.3189734,303.3711579,3147.88879,1.621267537,49.65235675,8.460894906,81.02617453,729.5960379,36.44491253,0,26.2
94,1,2023-01-01 15:40:00,455.7615613,249.1259102,2819.988226,1.476956962,44.13597493,7.925408208,89.35428002,815.5709989,56.59177578,1,23.3
95,1,2023-01-01 15:50:00,564.6968,299.9657523,2989.089219,1.291935165,49.72978798,7.075444648,97.92993737,824.9096765,73.15449289,0,22.4
96,1,2023-01-01 16:00:00,504.2497899,275.5010765,2891.188506,1.366773027,48.08698328,7.290901576,85.44246686,954.2163733,57.74006323,0,22.4
97,1,2023-01-01 16:10:00,506.5345326,271.1355874,3182.089871,1.400336261,47.29508665,7.491117106,93.54150322,1161.739852,63.72642016,1,23.4
98,1,2023-01-01 16:20:00,522.6319325,281.1635444,2918.103518,1.520439437,43.3777792,8.064672281,69.63416113,638.125597,46.93317608,1,24.3
99,1,2023-01-01 16:30:00,478.7937536,252.0922108,3214.682793,1.839366171,42.99381064,9.386227045,78.3972321,569.4722799,57.33227859,1,27.7
100,1,2023-01-01 16:40:00,486.272962,263.1577517,3255.89705,1.763294367,49.3110998,9.246772287,73.71300624,1071.971152,59.82891533,1,27.4
101,1,2023-01-01 16:50:00,517.4302551,286.3688879,3486.644463,1.307965914,52.70825558,7.14480853,77.57985059,971.9941388,33.21922811,1,23.2
102,1,2023-01-01 17:00:00,505.6546371,271.9295934,3027.637043,1.70536852,43.14674919,8.821197184,64.47293614,1030.675061,39.44715035,1,26.2
103,1,2023-01-01 17:10:00,402.3400844,212.1085248,2973.252705,1.097000013,44.24777182,6.44557346,82.62980665,1173.776893,66.2682402,0,19.8
104,1,2023-01-01 17:20:00,583.2041581,,2962.472411,1.313023397,,7.211284597,71.97853347,467.0404452,42.02227003,0,22.7
105,1,2023-01-01 17:30:00,519.5508272,287.2170197,2871.895195,1.641670756,44.15099881,8.455000508,89.89809279,1241.224782,48.29445619,1,25.2
106,1,2023-01-01 17:40:00,451.6357007,245.3171561,2948.030052,1.468205525,39.917056,7.702137377,81.7382387,1512.980979,76.66346291,1,23.1
107,1,2023-01-01 17:50:00,558.4500951,296.5236951,2884.273413,1.650822461,54.78609929,8.579696133,79.49057973,1067.27801,52.63611726,1,25.8
108,1,2023-01-01 18:00:00,494.4422003,266.896857,3057.619518,1.163174994,43.05357606,6.738164608,79.85419245,1162.636374,72.13213295,0,21.1
109,1,2023-01-01 18:10:00,524.8679533,284.6915233,3121.287188,1.698699896,39.85873712,8.899316184,76.31999689,1163.855268,42.65180261,1,26.7
110,1,2023-01-01 18:20:00,439.8094591,242.8735977,2990.360742,1.35000057,44.0450803,7.478564572,74.96804394,863.0685703,49.61739559,1,22.4
111,1,2023-01-01 18:30:00,501.6902269,263.7176929,2894.571161,1.440554252,43.11809118,7.715952034,64.90517625,985.1221324,43.02637045,1,23.3
112,1,2023-01-01 18:40:00,464.1996033,241.6931909,2800.493664,0.6316112514,44.07574389,4.578892922,81.635024,750.0782882,52.65623986,0,15.3
113,1,2023-01-01 18:50:00,,257.3396265,3157.336516,1.187899667,,6.768947447,61.29430654,1181.083544,53.26411797,0,22.65
114,1,2023-01-01 19:00:00,533.7452632,284.9698501,3207.414388,1.757535095,47.6351169,9.169682772,83.47627853,1279.750025,46.89814451,1,27.6
115,1,2023-01-01 19:10:00,586.4555577,323.6115775,2793.966879,1.665778248,50.8358317,8.818256661,77.70462948,816.4338068,43.97870069,1,26.3
116,1,2023-01-01 19:20:00,,300.8119851,3136.329331,1.039315853,,6.157898913,95.30665727,1105.375293,51.26925967,1,22.65
117,1,2023-01-01 19:30:00,480.6769919,270.4424004,3273.662083,1.569277491,49.38880072,8.264701839,69.77789944,947.4256114,51.43175845,1,25.2
118,1,2023-01-01 19:40:00,506.4029836,271.9187411,2897.320899,2.127395983,45.67435817,10.47932212,85.78030431,1377.707532,38.12585694,1,30
119,1,2023-01-01 19:50:00,525.8807217,286.9636887,2993.787786,1.629419826,44.2546967,8.548950793,78.05785393,906.5680731,30.71744607,1,25.7
120,1,2023-01-01 20:00:00,539.9920401,297.9123138,2822.072363,1.504096126,53.43045624,7.897636137,83.25309869,1149.167066,34.37280584,1,23.9
121,1,2023-01-01 20:10:00,566.122497,309.9561218,3116.704216,2.157549024,58.76880153,10.74919677,74.4343028,1160.686726,59.47789788,1,31.7
122,1,2023-01-01 20:20:00,481.8389842,263.0714136,2761.703191,0.8955926798,44.55731256,5.597937355,92.64599547,1315.522528,61.58467786,1,17.8
123,1,2023-01-01 20:30:00,508.4499688,272.8852076,3231.818403,1.132207329,51.30692459,6.541970866,60.25715086,1250.61871,42.4461579,1,21.1
124,1,2023-01-01 20:40:00,551.4634832,290.3787689,2697.109341,1.134444599,50.96721493,6.426219611,94.23218193,1278.036768,43.19382069,1,20.1
125,1,2023-01-01 20:50:00,546.7548736,302.6866009,3072.619555,1.122981645,56.33086305,6.346807245,83.45858238,1129.709505,64.20917845,0,20.6
126,1,2023-01-01 21:00:00,,259.7440923,2904.865833,1.737402561,,8.958588498,91.58814841,850.1091534,41.20837494,0,22.65
127,1,2023-01-01 21:10:00,482.8992616,268.657396,3317.299131,0.6539929152,45.77627816,4.572047806,83.93339504,1320.398511,43.76830672,0,16.4
128,1,2023-01-01 21:20:00,516.8686393,283.1395566,2676.125364,1.446604706,40.13244801,7.80504849,90.16215959,994.1613196,54.98346773,0,23.1
129,1,2023-01-01 21:30:00,600.0524299,317.5297994,3085.485419,1.58674427,58.98376011,8.488483593,70.53800126,839.6105207,49.06517374,1,26.2
130,1,2023-01-01 21:40:00,548.4330992,295.9786566,3244.676846,1.535491166,54.75461152,8.315299295,97.21919604,1051.524332,61.15154698,1,25.7
131,1,2023-01-01 21:50:00,573.2804658,309.7625947,2849.740597,0.9413382775,54.172184,5.875409227,97.14502831,1083.125466,44.38815406,1,19
132,1,2023-01-01 22:00:00,508.46713,271.0214372,3064.279939,1.414191658,41.76558569,7.620762237,73.16440605,829.7069425,68.37468392,1,23.4
133,1,2023-01-01 22:10:00,454.4847891,240.213695,2928.347079,1.087438505,40.92418474,6.382663239,87.37811551,968.3503163,64.54890324,0,19.8
134,1,2023-01-01 22:20:00,520.3970077,273.5642878,3248.052562,1.673983205,52.00607842,8.587421176,76.6705938,883.4392713,65.75159242,0,26.3
135,1,2023-01-01 22:30:00,417.8702269,226.2499294,3067.205666,1.424569,39.89724896,7.59558913,72.44251,1115.93516,55.7828576,1,22.8
136,1,2023-01-01 22:40:00,514.3538326,,3060.689927,1.87289793,,9.555511078,83.09238992,809.6337137,53.46991619,1,28.1
137,1,2023-01-01 22:50:00,504.264397,,2766.837903,1.069382687,,6.275325736,67.42038644,900.4865654,46.15386952,0,19.5
138,1,2023-01-01 23:00:00,408.5564313,219.3795567,3292.427461,1.237390774,36.39396412,7.11331102,84.05080788,1190.578083,56.0423434,1,21.9
139,1,2023-01-01 23:10:00,552.9232655,299.2857948,3163.052455,1.723746299,52.5150201,8.935914928,72.07064515,1036.392347,61.00281914,1,27.2
140,1,2023-01-01 23:20:00,530.7086724,285.2288959,3097.956041,2.273452829,46.95575287,11.11398241,78.68764693,869.6741507,43.31266703,1,32.2
141,1,2023-01-01 23:30:00,633.7696371,342.9965134,3187.117585,1.574145532,57.76215161,8.580305422,67.26373753,810.1667575,46.92663199,0,26.8
142,1,2023-01-01 23:40:00,501.0401378,267.2473207,2620.851721,1.402097775,45.38224492,7.48931335,87.86549392,861.1586548,53.75973268,0,22.2
143,1,2023-01-01 23:50:00,561.0028742,293.7503889,2738.448603,1.355441501,52.42572792,7.376592283,91.92751059,984.8602145,51.60414904,1,22.6
144,2,2023-01-01 0:00:00,426.3048331,229.9804585,3043.362279,0.5676817406,41.76223552,4.384441622,85.34086489,589.9552179,69.52363285,0,15.2
145,2,2023-01-01 0:10:00,479.4212293,252.7423146,3068.113677,1.623614353,49.80524991,8.485093257,89.48806256,784.2783354,38.00109966,1,25.3
146,2,2023-01-01 0:20:00,510.2482025,273.279864,2809.516172,1.161407191,46.56097089,6.740834699,75.49897484,856.7201657,54.20527713,0,20.7
147,2,2023-01-01 0:30:00,455.4323792,234.9693521,2990.772637,1.183798556,43.91665305,6.900426673,85.40338143,1192.637516,71.83014697,0,21.1
148,2,2023-01-01 0:40:00,530.1581794,279.3409047,2865.614571,1.685597012,50.27219681,8.624894364,90.23583203,1019.880492,54.59224441,1,25.7
149,2,2023-01-01 0:50:00,,,2893.613701,1.318272003,,7.176273423,98.11262338,1110.768719,35.02492541,1,22.65
150,2,2023-01-01 1:00:00,370.4772059,194.3644834,2731.969822,0.9817564584,35.24982091,6.052558396,87.2440151,1100.290439,42.67586223,0,18.2
151,2,2023-01-01 1:10:00,474.87688,259.5833838,2861.462622,1.689473611,44.39485825,8.860074432,73.02064651,912.0219949,36.32072617,1,25.7
152,2,2023-01-01 1:20:00,479.2231318,256.4094555,2571.596145,1.116226361,49.62200807,6.436522052,86.89803966,801.1059773,42.81900035,1,19.4
153,2,2023-01-01 1:30:00,552.4580754,287.6926461,2893.577061,1.134184116,52.99237021,6.554879032,73.54682062,939.3434857,71.37201273,0,20.7
154,2,2023-01-01 1:40:00,486.6524878,257.7898975,2903.857383,1.328699406,44.54933979,7.433438979,79.13390454,923.3315454,48.26382323,1,22.4
155,2,2023-01-01 1:50:00,501.2420505,264.3827334,3089.49598,0.9286974866,41.59351889,5.820077976,76.56881089,895.8708643,44.01501282,0,19
156,2,2023-01-01 2:00:00,544.4594595,285.9820104,2893.485313,1.604339716,53.85916289,8.274372781,79.46808375,1221.627002,48.05677895,1,25
157,2,2023-01-01 2:10:00,,251.270548,3326.331891,1.315103685,,7.16181269,82.27154367,1072.166541,27.5964278,1,22.65
158,2,2023-01-01 2:20:00,527.0478772,288.3766066,2911.618189,1.149280517,45.94562722,6.588963369,74.91534949,1274.944417,45.45552481,0,20.7
159,2,2023-01-01 2:30:00,443.561275,234.9274106,2921.789551,0.9992781338,40.30438866,6.017454088,98.85248275,915.9789229,48.96492573,1,18.9
160,2,2023-01-01 2:40:00,475.4419533,256.6303803,2860.776487,1.278577988,45.48743438,7.11624732,85.90022894,1256.364489,65.30671079,1,21.6
161,2,2023-01-01 2:50:00,544.8370001,293.1218197,3176.714484,1.212944392,57.76202453,6.820307418,80.42216605,824.4480346,52.09887099,0,21.9
162,2,2023-01-01 3:00:00,499.3433726,266.0796298,3082.939292,1.169849821,51.54646715,6.559023231,94.28173198,915.339453,51.35542297,1,20.9
163,2,2023-01-01 3:10:00,516.1126658,268.0311853,3059.110966,1.381670805,52.22618148,7.4135606,74.61631343,906.9209601,23.7405912,1,23
164,2,2023-01-01 3:20:00,506.8435799,271.0425988,2682.748894,0.6247465328,44.36728342,4.532766418,79.76199153,1042.814185,52.72420466,0,15.1
165,2,2023-01-01 3:30:00,461.6586895,249.4754298,2555.830127,0.9384570999,47.00643393,5.843754856,85.08602842,1157.138945,50.85094341,0,17.8
166,2,2023-01-01 3:40:00,512.3105434,267.2981194,2924.929468,1.479638459,40.15727284,7.95729238,86.45613269,1228.889796,59.79127234,1,24
167,2,2023-01-01 3:50:00,416.387053,229.065783,2667.969553,0.8434876051,38.96108334,5.305748588,89.47001979,1019.811578,41.812531,0,16.6
168,2,2023-01-01 4:00:00,494.4112441,265.3305865,3226.775413,1.723798876,49.32234256,8.989212684,100.6336883,1058.456327,56.95604798,1,26.9
169,2,2023-01-01 4:10:00,490.9530418,269.9514595,3402.317162,1.182829439,50.73188142,6.786499936,92.43446212,610.8377305,42.13323951,0,21.9
170,2,2023-01-01 4:20:00,540.3665138,287.1811272,3110.615712,1.353905355,49.58766534,7.345533713,70.31605614,817.1499096,40.3815432,1,23.1
171,2,2023-01-01 4:30:00,555.1063763,306.4768092,2765.27624,1.878643058,47.00931469,9.435661067,90.21408449,983.4769825,48.32917376,1,27.7
172,2,2023-01-01 4:40:00,477.1437586,268.8639656,2874.885371,1.522874934,43.56224147,7.951703269,97.36778738,1065.193712,50.37187636,1,23.7
173,2,2023-01-01 4:50:00,472.5990896,256.6501471,2817.49079,1.015385834,48.39266793,6.3093374,93.96518517,1085.549416,35.30411219,1,19.4
174,2,2023-01-01 5:00:00,442.744438,234.0787157,3134.623047,2.107325568,40.86707537,10.48460421,73.97015807,1107.661182,35.99271228,1,29.8
175,2,2023-01-01 5:10:00,489.4853362,261.1356294,2841.91853,1.235700964,45.32313666,6.862037084,86.2366548,861.0978304,38.03066496,0,21.1
176,2,2023-01-01 5:20:00,500.7320216,276.0895073,3158.954144,1.943384918,45.31656825,9.7124435,81.77440703,989.7646505,49.36018677,0,28.7
177,2,2023-01-01 5:30:00,484.0812107,265.7892811,3209.740643,1.229938661,49.4708017,6.920424348,72.98410269,586.2450966,62.81844893,1,21.9
178,2,2023-01-01 5:40:00,531.3182768,279.6787538,3224.002002,1.08491788,46.31663974,6.405092345,77.70894184,1136.936904,33.67108821,0,20.9
179,2,2023-01-01 5:50:00,550.4191676,298.3511016,3041.068699,2.021623416,50.07772725,10.1674706,65.86113902,1029.254013,27.83335073,1,29.9
180,2,2023-01-01 6:00:00,608.9762737,,2969.210261,1.589221288,,8.319525091,74.15242977,1138.375854,52.48069757,1,25.8
181,2,2023-01-01 6:10:00,492.1329006,260.407155,2880.671594,1.511324741,46.62065132,8.036071753,87.76242979,1050.251939,45.60664442,0,23.9
182,2,2023-01-01 6:20:00,377.1583227,205.6350429,3262.143716,1.011683776,43.32964279,5.907185146,80.30246758,790.3962095,36.57651575,1,19.1
183,2,2023-01-01 6:30:00,524.280632,284.7270069,3016.338635,1.76002216,47.59863794,8.934530163,94.24145538,1261.983218,60.28718327,1,26.7
184,2,2023-01-01 6:40:00,459.302032,,2904.82244,1.04352974,,6.088888877,82.99308064,1102.784343,46.63373049,1,19.2
185,2,2023-01-01 6:50:00,388.6765822,217.7949549,3052.175261,1.019031781,42.91191046,5.969091555,75.20662321,781.6101246,52.86756661,0,18.8
186,2,2023-01-01 7:00:00,587.1600225,310.6384346,3011.280348,1.622881209,52.58837692,8.459467669,61.06101233,858.8675259,50.65225527,1,26
187,2,2023-01-01 7:10:00,413.0595785,227.7214501,3040.634621,1.009117853,35.02821935,6.019222347,66.53660655,1013.075926,37.8049519,0,19
188,2,2023-01-01 7:20:00,403.4601564,232.3661334,2636.996592,0.6866563073,46.16758589,4.836528137,80.74258026,1145.512447,44.22545284,0,15.4
189,2,2023-01-01 7:30:00,509.6107017,272.4049847,2947.66886,1.436488482,42.9952849,7.755195582,76.75034565,763.0826933,35.57193929,1,23.5
190,2,2023-01-01 7:40:00,415.9800979,224.8549065,3274.757968,0.6557283764,38.37459422,4.595660975,78.01409441,674.6741483,48.63293619,1,16.2
191,2,2023-01-01 7:50:00,622.7553411,330.9104991,2891.295072,2.480377024,55.81469232,11.9613961,91.60472806,1124.994632,32.56315729,1,35
192,2,2023-01-01 8:00:00,524.5781097,282.2656822,2661.112032,1.74270169,51.13706664,9.04253141,87.74840881,1371.287408,61.85821896,1,26.2
193,2,2023-01-01 8:10:00,454.6433906,246.0014113,3143.777065,1.57201157,40.7200216,8.209270179,78.95050235,1123.597902,66.12226378,1,24.6
194,2,2023-01-01 8:20:00,485.5345172,266.9501929,2803.51757,1.222361069,41.98471228,6.727914581,64.30795773,1147.08275,47.53150557,0,20.7
195,2,2023-01-01 8:30:00,603.984382,319.1566402,3092.804527,1.802768522,57.04999037,9.046304463,88.12610027,372.0165862,38.97588096,1,27.9
196,2,2023-01-01 8:40:00,478.1107249,257.1171501,3147.681797,1.977676651,41.10198657,10.01432639,75.81195198,1261.318341,52.67862359,1,29
197,2,2023-01-01 8:50:00,509.3281262,274.0795642,2872.558461,1.902497603,53.86040419,9.813033316,78.26088071,1085.304529,49.30456669,0,28.3
198,2,2023-01-01 9:00:00,501.1618462,269.3316432,3064.949978,1.841153399,48.63268838,9.505469683,76.37522503,1291.720358,56.94463776,1,27.9
199,2,2023-01-01 9:10:00,467.6132673,252.4473201,2985.385259,1.577037954,48.76615842,8.42967411,81.79003342,406.581167,46.66922914,1,24.8
200,2,2023-01-01 9:20:00,607.1814871,,2681.760596,1.688987728,,8.860795694,72.77318864,1306.622799,56.28069176,1,26.4
201,2,2023-01-01 9:30:00,423.3981365,220.9353055,3099.626273,1.296879422,45.64492594,7.254757995,72.64779964,993.3554707,54.49457496,1,22
202,2,2023-01-01 9:40:00,369.9124461,205.823831,2660.63232,1.220861574,41.6067364,6.880925844,88.07242707,916.4191052,55.377485,0,20
203,2,2023-01-01 9:50:00,478.7091439,252.0890358,2751.745635,1.187425597,42.23585325,6.755143257,98.97915941,1014.494165,56.11405168,1,20.5
204,2,2023-01-01 10:00:00,519.440355,276.7943115,2859.206574,1.534740023,40.81914917,8.135278818,59.1290739,1097.921802,61.56130523,0,24.3
205,2,2023-01-01 10:10:00,479.1243697,263.0425998,2889.32237,1.060717645,45.4286225,6.284101152,72.4376789,1002.086119,54.96923692,0,19.6
206,2,2023-01-01 10:20:00,552.0325914,293.671772,2938.627796,1.767193813,49.16950833,9.154056227,80.22437268,891.5082525,42.67372627,1,27.2
207,2,2023-01-01 10:30:00,524.9075786,282.4414535,3141.095263,1.079532935,45.4428943,6.224463221,64.70910675,954.3475835,52.40023718,0,20.3
208,2,2023-01-01 10:40:00,488.4067155,265.3539552,2972.936781,1.363704871,41.64250159,7.437204375,80.36424273,691.1023052,42.35165737,1,22.7
209,2,2023-01-01 10:50:00,543.7814952,290.5734123,3038.732325,1.548431897,51.21255982,8.237230096,80.56663707,1383.121103,48.35332053,1,25.1
210,2,2023-01-01 11:00:00,466.0908081,251.1854804,2577.501155,1.308016008,39.49736552,7.175761905,86.08169329,1118.294723,58.29796277,1,21.1
211,2,2023-01-01 11:10:00,486.0976186,269.1169953,2823.869869,1.151244103,41.04402942,6.528618266,86.93157327,1014.738741,33.80399949,0,20.2
212,2,2023-01-01 11:20:00,518.3117694,277.6530287,3113.669945,1.167566443,44.74073912,6.642107817,63.8845068,1270.94468,50.5114549,0,21.2
213,2,2023-01-01 11:30:00,499.8360717,272.6892193,3559.91704,0.8670418688,45.25640698,5.446591898,76.2302936,1074.234722,54.32153583,1,19.1
214,2,2023-01-01 11:40:00,546.7326341,290.2949508,2804.61175,1.840790573,48.62838525,9.357682046,74.80358058,1025.222758,54.74950377,1,27.5
215,2,2023-01-01 11:50:00,472.0288431,,2690.237022,0.4795154897,,3.78524965,98.98147428,926.9998821,63.549229,1,13.3
216,2,2023-01-01 12:00:00,483.8298719,266.5282536,2932.010971,1.122453176,44.80549519,6.662522487,74.9474786,1186.036908,52.75308375,0,20.6
217,2,2023-01-01 12:10:00,494.0744196,274.4815613,2888.898705,1.144712948,43.3538068,6.492289456,88.80766829,1152.888987,50.62362771,0,20.3
218,2,2023-01-01 12:20:00,494.7581756,260.645542,2797.973716,1.931000985,42.84630995,9.71401589,79.78102301,1026.696757,55.94737775,0,27.9
219,2,2023-01-01 12:30:00,537.8767484,,2876.338684,1.314904517,,7.277783927,87.67198937,929.5241284,55.12165163,1,22.4
220,2,2023-01-01 12:40:00,480.7355577,255.5511588,3142.511636,1.15715549,43.0196793,6.643232414,70.83660065,953.2588836,47.88895151,0,21
221,2,2023-01-01 12:50:00,466.2714962,259.8111183,2950.595921,0.9782308964,52.42596502,6.171555655,88.36346626,646.0059055,42.51146005,0,19.3
222,2,2023-01-01 13:00:00,466.8971208,254.4529591,3051.517032,1.338775374,48.65764152,7.400102219,89.14698247,705.1818828,40.16738383,1,22.5
223,2,2023-01-01 13:10:00,427.8151816,231.3660183,2865.419217,1.216166114,45.95448166,6.78771718,80.59042374,970.9807368,62.49555952,1,20.6
224,2,2023-01-01 13:20:00,441.3344663,236.1227336,3208.391871,1.639050457,47.17496619,8.62420455,95.90963071,1038.732956,57.07676169,1,25.6
225,2,2023-01-01 13:30:00,540.889857,294.9718464,2938.581678,1.86594256,54.74096988,9.491522112,83.28687036,1277.029438,48.92744242,1,28
226,2,2023-01-01 13:40:00,526.1356964,277.1490885,2868.620065,1.589475248,46.84850041,8.362492417,83.55987486,901.1131663,50.8408912,1,25
227,2,2023-01-01 13:50:00,457.7637841,244.2497856,3040.94461,1.382673921,48.59026878,7.468244397,88.44231675,1328.033895,57.84246241,1,22.7
228,2,2023-01-01 14:00:00,496.0550822,263.0252165,3070.936887,1.375320381,51.91137811,7.379813457,55.40830803,981.293042,19.67500248,1,22.8
229,2,2023-01-01 14:10:00,532.9791239,281.7904017,3141.858497,1.716325801,51.44838002,8.768815447,90.81623759,825.1720355,48.22378475,1,26.6
230,2,2023-01-01 14:20:00,439.4534764,247.2293283,2757.363107,1.152836044,35.65318735,6.695927747,95.33646427,707.2576211,58.54240098,1,20.1
231,2,2023-01-01 14:30:00,460.3700611,,2635.400586,1.106015808,,6.364793776,65.57075261,844.4868291,59.21502912,0,19.3
232,2,2023-01-01 14:40:00,428.2039649,235.2782006,3213.610493,1.367264689,46.29567787,7.620301295,81.03396742,846.0204588,50.20875347,1,23.1
233,2,2023-01-01 14:50:00,458.64848,257.1156509,2655.306104,1.725289319,48.02563218,8.814077042,70.17121095,1140.082276,53.37391092,1,25.1
234,2,2023-01-01 15:00:00,477.60595,258.1639288,2632.515992,0.7882087013,43.0982468,5.059399799,90.05547779,1088.93831,54.65312626,0,16.3
235,2,2023-01-01 15:10:00,466.765224,257.3314655,2692.721585,1.835519196,44.70429996,9.368886807,84.32686677,1174.03116,57.90853989,1,26.5
236,2,2023-01-01 15:20:00,538.8508347,,2927.604038,0.9225787349,,5.574593722,68.63442403,835.87969,52.77452005,0,18.4
237,2,2023-01-01 15:30:00,478.5653686,254.978084,3184.8466,1.053104265,45.02880079,6.413974201,81.11365566,1128.459085,74.16343889,0,20.4
238,2,2023-01-01 15:40:00,555.970935,305.1986488,3168.086758,1.653210425,49.43480833,8.688640418,89.03463821,923.7917958,47.43354763,1,26.6
239,2,2023-01-01 15:50:00,505.8131994,267.3156348,2964.506083,1.459028606,46.13782773,7.815017773,68.98888981,1139.605074,55.03727567,1,23.7
240,2,2023-01-01 16:00:00,511.6665964,285.04871,2601.295561,1.614148744,46.10648523,8.338401452,75.74729371,762.503051,52.75789318,1,24.3
241,2,2023-01-01 16:10:00,,274.7171346,2656.113194,1.635536703,,8.482108986,68.03508423,919.479265,34.64572417,1,22.65
242,2,2023-01-01 16:20:00,494.098431,263.4018609,3246.289935,1.811340272,47.06575916,9.22186961,85.98595591,1431.091041,26.49697386,1,27.6
243,2,2023-01-01 16:30:00,525.4435432,,2745.664724,0.8837085629,,5.614434219,82.88928514,1111.093054,49.7196446,0,17.9
244,2,2023-01-01 16:40:00,549.5539934,306.5202858,3193.034808,1.520290227,56.81175966,8.108328904,80.9749385,936.6134876,45.5516347,1,25.2
245,2,2023-01-01 16:50:00,427.6330012,230.4035586,3242.617704,0.8840007753,39.09238797,5.447060572,104.0564955,898.8947106,64.30710472,1,18.2
246,2,2023-01-01 17:00:00,469.9856087,256.3121485,3065.218679,1.025040224,41.33361113,6.2672502,90.23695892,837.0655289,58.21711549,0,19.8
247,2,2023-01-01 17:10:00,514.6176312,269.577955,2939.962292,1.584196143,42.49902264,8.459712996,77.76741214,1027.69549,44.69742801,1,25.2
248,2,2023-01-01 17:20:00,561.8379405,302.780363,3015.006788,1.181327326,53.61749227,6.774026216,81.52413385,739.5991719,50.00755987,0,21.5
249,2,2023-01-01 17:30:00,613.9790688,329.3366411,2882.513366,2.375093617,48.75617961,11.44985558,98.70234508,1114.733256,62.98956727,1,33.7
250,2,2023-01-01 17:40:00,531.7136491,282.8348968,3117.976648,1.994205469,46.18296285,9.901977106,95.54296934,639.2771591,44.30197722,1,29.4
251,2,2023-01-01 17:50:00,576.1418023,308.4756669,3178.866791,1.399729967,50.10460492,7.47741704,58.35794899,977.866067,41.34206988,1,23.8
252,2,2023-01-01 18:00:00,525.8825247,285.446583,2902.536529,0.9952729317,45.37256757,5.873728749,74.86479509,1087.711657,73.57090448,0,19
253,2,2023-01-01 18:10:00,527.2123602,283.4116369,3063.67586,1.723879346,48.75305819,8.669919587,84.35326679,963.5258345,50.88798159,1,26.3
254,2,2023-01-01 18:20:00,539.2038676,281.9829612,2896.315916,1.709274243,51.09157682,8.794935909,80.64516528,714.4092338,55.08880073,1,26.2
255,2,2023-01-01 18:30:00,524.0978306,274.559274,2701.616848,1.73381291,47.78650195,9.00928387,92.34566535,923.3673866,58.16015661,1,26.2
256,2,2023-01-01 18:40:00,459.8036288,250.5156373,3130.951413,1.690199807,45.77219308,8.794581476,74.28582641,796.0077987,43.76997702,1,26
257,2,2023-01-01 18:50:00,443.9991683,,3111.491056,1.48043209,,7.837705311,82.83972669,1076.093667,35.048166,0,23.6
258,2,2023-01-01 19:00:00,555.2737176,300.1248687,3019.474159,1.74490046,55.04584269,9.091207882,89.63778166,1082.031172,59.58498621,1,27.2
259,2,2023-01-01 19:10:00,438.0893635,,2802.664504,0.9220598037,,5.777952154,84.88886772,992.1172803,49.20555376,0,18
260,2,2023-01-01 19:20:00,512.514052,276.5243095,3075.645687,1.968901246,45.68780187,9.931882195,75.19206303,1010.604484,54.58424097,0,29.1
261,2,2023-01-01 19:30:00,463.0374693,247.0406559,3091.834304,1.454860024,53.5612594,7.959412112,72.90649608,901.6096825,50.65413891,0,23.9
262,2,2023-01-01 19:40:00,382.9623679,217.6218544,2803.087584,0.8956939878,44.50275402,5.525522461,85.00574773,1101.369446,58.28458729,0,17.3
263,2,2023-01-01 19:50:00,513.7452814,270.6278763,2532.46154,1.726532835,51.82472219,8.826895727,90.44906359,943.17656,50.65355422,0,25.4
264,2,2023-01-01 20:00:00,481.7362894,262.2844786,2977.205533,1.175789281,40.67009432,6.564062368,100.1914676,1017.44606,39.41222562,0,20.6
265,2,2023-01-01 20:10:00,516.0716918,274.4774078,2777.25459,1.252666472,45.53101355,7.048954461,87.36392487,916.6135683,71.95539823,1,21.5
266,2,2023-01-01 20:20:00,518.2055717,277.1786162,3122.611097,1.228312494,48.93535855,7.033955493,75.82985737,949.9085034,40.2193022,1,22.1
267,2,2023-01-01 20:30:00,464.27229,247.2912288,2952.673954,1.328615852,47.04767184,7.385735108,87.19000146,987.5022755,59.72449374,1,22.3
268,2,2023-01-01 20:40:00,,261.583546,3059.903767,1.348694139,,7.474120717,71.26055714,651.3061409,47.34520468,1,22.65
269,2,2023-01-01 20:50:00,473.2145154,263.790094,2634.822275,1.183332854,41.86518903,6.856502652,74.96063954,994.7244712,40.48330998,0,20.4
270,2,2023-01-01 21:00:00,507.9739014,274.9140049,2895.780747,1.566028648,45.83381611,8.053377458,79.82953165,1612.666068,51.877728,1,24.3
271,2,2023-01-01 21:10:00,488.5403303,269.9178065,2686.28696,1.858538243,49.48761336,9.340020086,81.97486299,1076.249892,62.776201,0,26.7
272,2,2023-01-01 21:20:00,449.7985578,245.7161647,2606.87449,0.9202907114,45.34411745,5.693140796,66.75060351,917.9290143,61.39089063,0,17.5
273,2,2023-01-01 21:30:00,479.1134764,262.5204284,2722.817277,1.243999186,48.83446367,6.733916758,59.87001712,1232.830302,44.16894644,0,20.5
274,2,2023-01-01 21:40:00,483.3238703,265.9583485,3138.522534,1.205879959,39.36689788,6.77509791,89.15322376,1010.943051,68.72572905,0,21.4
275,2,2023-01-01 21:50:00,541.0500019,294.3299928,3093.394172,1.79251314,49.30747458,9.101292604,76.67873114,523.1511482,43.51327153,1,27.4
276,2,2023-01-01 22:00:00,,248.572833,2986.93718,1.27305868,,6.974674338,92.84444632,1029.588179,29.95831925,0,22.65
277,2,2023-01-01 22:10:00,669.4676308,357.2082732,3035.464089,0.9910525111,67.24024587,5.935969911,86.25323441,755.5030235,50.72463042,1,20.1
278,2,2023-01-01 22:20:00,540.247877,291.7610315,2960.311215,0.9374018046,49.98829277,5.655778056,71.55292259,1020.89543,64.87765484,0,18.6
279,2,2023-01-01 22:30:00,477.9919339,256.7654544,2909.262425,1.52338652,41.3872381,8.076514872,65.81571521,591.8640907,53.53915726,1,24
280,2,2023-01-01 22:40:00,498.0287726,264.2568828,2950.979474,1.139144797,43.62311259,6.508982028,75.59987171,1045.377827,57.80901913,0,20.5
281,2,2023-01-01 22:50:00,539.4253762,291.1251949,3063.370775,0.9626712918,51.81145178,5.842006986,95.05173824,880.6069403,38.97972624,1,19.2
282,2,2023-01-01 23:00:00,445.1697303,241.1959255,3021.442502,1.53236167,39.96359392,8.060464322,69.26595072,1059.816846,24.39517169,1,24
283,2,2023-01-01 23:10:00,,233.8805725,3396.641026,1.095765971,,6.444003412,82.53768369,1084.046427,47.67361718,1,22.65
284,2,2023-01-01 23:20:00,,258.172128,3168.583511,1.35041031,,7.452591398,104.9738677,945.6487057,59.09389901,1,22.65
285,2,2023-01-01 23:30:00,466.9529161,253.3906917,3264.887507,0.7813332915,48.93404088,5.175418205,65.72803896,816.4224569,59.64690643,0,17.7
286,2,2023-01-01 23:40:00,458.7723664,244.0836222,2812.786858,0.8235918346,40.97276217,5.273621822,95.17561905,643.7356392,54.9545226,0,17
287,2,2023-01-01 23:50:00,531.4924282,286.5309354,3189.692843,1.870625868,46.45001508,9.217090825,72.83202331,934.4540333,44.81151887,1,27.9
288,3,2023-01-01 0:00:00,554.5764915,292.5241799,3027.08717,1.578240211,49.26164529,8.37793073,70.32685641,959.6995077,52.56641678,0,25.5
289,3,2023-01-01 0:10:00,467.5843911,251.8346094,3212.786097,1.025549056,42.81451718,6.097996019,74.18243859,1060.102604,32.44527662,1,19.8
290,3,2023-01-01 0:20:00,524.6829824,291.7010112,2825.6082,1.120005899,52.99709794,6.458311538,65.37922507,825.4661489,50.81828425,0,20.2
291,3,2023-01-01 0:30:00,491.5117312,265.2145826,3031.655793,1.736982035,47.78316173,8.645121896,87.66873371,676.4333754,78.76501255,1,25.9
292,3,2023-01-01 0:40:00,496.2969817,267.7473382,2991.366862,0.9700173925,47.16339101,5.891662389,93.72443048,1111.085678,43.78650279,1,19
293,3,2023-01-01 0:50:00,595.2893124,317.7290875,3205.229814,1.535312141,55.94809757,8.249037674,84.38113754,1313.514817,40.43809276,1,25.8
294,3,2023-01-01 1:00:00,499.6122248,264.3359414,2919.553646,1.140693348,40.68347583,6.520771232,80.19377455,1055.518957,40.29771056,0,20.4
295,3,2023-01-01 1:10:00,500.2649217,275.8614194,2991.088689,1.668833956,49.77449063,8.695628033,79.56627624,750.5320661,55.55390201,0,25.8
296,3,2023-01-01 1:20:00,508.2874469,,2825.924298,1.537667247,,8.135550804,104.5485874,1333.186212,37.09024301,1,24.2
297,3,2023-01-01 1:30:00,533.158065,299.3394453,2904.303917,1.806860544,49.46378637,9.212845432,68.67155583,1038.256211,30.70077157,1,27.2
298,3,2023-01-01 1:40:00,,304.5346732,3074.904074,1.170136985,,6.568047067,68.70734182,418.5046454,44.37760554,0,22.65
299,3,2023-01-01 1:50:00,547.1817431,292.4105392,3143.922187,2.447943645,49.73274272,11.69679372,61.79373926,854.0353533,69.78123244,1,34
300,3,2023-01-01 2:00:00,425.5834098,233.3828564,2887.928617,1.486466003,40.20028105,8.120027835,83.34847864,1148.550752,36.94680243,0,23.6
301,3,2023-01-01 2:10:00,441.6211069,225.7490662,2779.246757,1.344918589,40.4986583,7.390939549,79.78581255,961.7031876,89.41503717,1,21.8
302,3,2023-01-01 2:20:00,413.9699535,225.641503,3127.097833,1.676129574,38.13185323,8.615185203,55.8670885,804.2252895,34.82455417,0,25.2
303,3,2023-01-01 2:30:00,501.4215125,273.9721848,3208.169832,1.491359564,43.92682818,7.774382132,81.24818682,1194.888108,28.63450739,1,24.1
304,3,2023-01-01 2:40:00,583.1082118,300.1672251,2837.193002,1.327882776,50.65162999,7.125852107,67.17883034,935.8195452,55.27072323,0,22.4
305,3,2023-01-01 2:50:00,555.4097337,296.0692946,3220.472769,1.904372821,54.17830099,9.74636639,75.54808082,1100.937892,51.10205948,1,29.3
306,3,2023-01-01 3:00:00,493.2842727,263.9499459,2551.140536,1.172271398,40.68047783,6.599208109,78.33513377,1132.445902,53.65728147,0,19.9
307,3,2023-01-01 3:10:00,594.8786014,314.5717591,3197.707402,1.504558172,50.81260917,8.055231694,82.65284118,1087.826869,65.4066098,0,25.4
308,3,2023-01-01 3:20:00,503.3853204,268.1632191,2762.289768,1.497937847,50.9635608,7.996186509,73.0938313,878.8464694,55.55147608,1,23.7
309,3,2023-01-01 3:30:00,591.6812399,322.4777917,3077.419235,1.28657161,53.03033562,7.184197474,94.37846184,837.3799727,52.51007422,1,22.9
310,3,2023-01-01 3:40:00,485.0541851,251.2383522,3287.86778,1.289633931,44.15162555,7.030744086,60.76740706,1025.623883,70.25203451,1,22.4
311,3,2023-01-01 3:50:00,571.1372901,321.5831347,2818.818613,1.334315385,54.25583044,7.217780513,76.96256507,814.0332702,47.01108179,0,22.4
312,3,2023-01-01 4:00:00,584.4005371,307.4428108,2589.611565,1.788877229,49.4662273,9.268996272,77.57015808,1323.122079,47.19700145,1,27.1
313,3,2023-01-01 4:10:00,406.3678823,220.9938356,3200.577825,1.537573609,39.76866728,7.971437835,73.62964696,780.0669408,34.8169595,1,23.9
314,3,2023-01-01 4:20:00,450.6357167,245.9104858,2835.645045,1.325861299,36.50743275,7.279606779,66.68437682,1265.004474,40.99673019,1,21.8
315,3,2023-01-01 4:30:00,492.9374728,268.0633087,2663.56332,0.9092141699,48.97179533,5.706841606,81.38432312,1002.197927,52.66602239,1,17.8
316,3,2023-01-01 4:40:00,449.8773896,243.737265,3322.713309,1.380226759,42.37631793,7.392191729,73.93706579,946.1980543,52.82456342,1,23.1
317,3,2023-01-01 4:50:00,464.195496,256.2273904,3066.485819,1.3132619,40.75318382,7.249921464,71.5172646,1001.426135,35.49371828,1,22.2
318,3,2023-01-01 5:00:00,445.0856907,234.6993101,3087.50766,1.446919986,39.37442239,7.947835417,78.89093321,766.277943,71.03255808,1,23.7
319,3,2023-01-01 5:10:00,548.8784012,289.523682,2986.546036,1.201823196,51.07381198,6.835312917,77.71717357,1035.99383,61.16531596,0,21.6
320,3,2023-01-01 5:20:00,529.8721714,285.6866631,2863.614587,0.7902605938,52.66066383,5.100641663,68.88648915,812.4750617,55.32351355,0,17
321,3,2023-01-01 5:30:00,488.3400502,269.1264498,3007.678084,1.168643926,46.81338176,6.49045345,91.88589855,766.7069803,57.9189059,1,20.6
322,3,2023-01-01 5:40:00,599.7494799,324.5316413,3061.166839,1.649094792,55.70750271,8.663216046,100.6964434,1095.510917,30.30562281,1,26.7
323,3,2023-01-01 5:50:00,491.1739408,266.2732351,2859.466822,1.121028865,48.30346013,6.500427459,76.2551449,846.0073518,43.66573033,1,20.2
324,3,2023-01-01 6:00:00,375.7294134,208.126436,3254.933321,1.229934843,40.23045678,7.002368485,85.34616289,1138.34318,43.54675905,1,21.4
325,3,2023-01-01 6:10:00,421.8604807,225.6229901,3208.889273,0.8223176964,45.09571787,4.986782738,82.30151517,1166.126318,56.84462243,1,17.1
326,3,2023-01-01 6:20:00,626.599555,342.0931789,3031.756936,1.503193166,50.23889891,7.929693724,99.25123919,1193.648289,47.72808486,1,25
327,3,2023-01-01 6:30:00,378.0005818,208.8087729,2902.33724,1.220157182,40.42507887,6.876139533,76.71030442,777.2616532,50.5207031,1,20.5
328,3,2023-01-01 6:40:00,493.1512422,276.3562287,3025.905265,1.535445051,44.68530663,8.045036729,78.12219889,917.7536875,74.21574177,1,24.3
329,3,2023-01-01 6:50:00,470.8537475,257.2129502,2916.980515,1.725128123,46.72809802,8.990678369,92.93913556,1118.280257,45.74248992,1,26.1
330,3,2023-01-01 7:00:00,465.9046036,,2736.096491,1.008139852,,6.03242272,86.66007126,774.3154011,51.7086312,0,18.7
331,3,2023-01-01 7:10:00,536.5905037,290.5067233,2991.069529,1.518950533,47.22291057,8.150784242,81.3093079,726.5488527,70.94959674,1,24.7
332,3,2023-01-01 7:20:00,544.7692107,294.1976933,3058.218863,1.658735615,54.31334141,8.567080273,69.37154937,1121.747018,57.88315522,1,26.1
333,3,2023-01-01 7:30:00,511.6846676,277.099249,2821.02597,0.8881550088,45.04899636,5.711649329,73.24885228,1121.467128,45.42967758,0,18.2
334,3,2023-01-01 7:40:00,427.2620884,227.2595813,3187.632497,0.9686179929,46.70202292,5.839695243,91.67149225,1362.371568,44.5297695,0,19
335,3,2023-01-01 7:50:00,506.2388722,270.8523424,3229.712132,0.8510738801,44.18885114,5.524973895,80.77536712,841.349323,42.23551742,1,18.6
336,3,2023-01-01 8:00:00,387.1421773,211.4011203,3160.43127,0.8408759274,37.31681623,5.389900924,52.26761054,1011.702513,44.74527446,0,17.7
337,3,2023-01-01 8:10:00,,256.4705743,3276.346935,1.227943385,,6.855679632,91.01221246,1015.719719,53.42855175,1,22.65
338,3,2023-01-01 8:20:00,489.4818181,262.306674,2803.785222,1.431860477,41.77875091,7.72648079,79.74857682,648.5004113,46.28813419,1,23
339,3,2023-01-01 8:30:00,548.1070541,296.5463555,2811.04428,1.519731488,53.19170842,8.107280249,91.28107175,939.5011253,44.14230309,1,24.4
340,3,2023-01-01 8:40:00,518.2137056,280.2816243,2935.479254,1.435373303,46.51258289,7.583740898,90.75057778,1244.307118,49.15023581,1,23.2
341,3,2023-01-01 8:50:00,571.1738914,307.055488,3210.589596,1.350096154,48.0211746,7.310240027,79.61761569,1029.186945,36.71064071,1,23.4
342,3,2023-01-01 9:00:00,,282.1362887,3389.801466,1.451015714,,7.89742603,64.96475408,1091.121775,43.06635927,1,22.65
343,3,2023-01-01 9:10:00,477.5396569,260.879712,2866.135922,1.911576977,48.84079439,9.717567068,90.48065323,1005.70442,55.83082913,0,27.8
344,3,2023-01-01 9:20:00,546.9316225,290.2465051,2867.262897,1.648191567,50.40901045,8.577765209,77.89322591,1045.937912,45.93764065,1,25.7
345,3,2023-01-01 9:30:00,549.2768132,298.8981168,3010.594933,1.26061664,53.84418918,7.034643785,74.75992201,1175.697951,34.65932488,1,22.1
346,3,2023-01-01 9:40:00,494.9008614,,2730.096865,1.576715435,,8.51298112,84.57635532,947.3849127,32.49531321,1,24.7
347,3,2023-01-01 9:50:00,488.0367867,262.1959195,2922.200662,1.309410359,48.78786163,7.383640636,81.62945583,920.0573631,53.04335318,1,22.3
348,3,2023-01-01 10:00:00,481.4582196,,3107.603893,1.044759263,,6.028498946,86.82626523,1236.867797,37.50812267,0,19.6
349,3,2023-01-01 10:10:00,459.8512392,,2813.719685,1.408877952,,7.683452005,72.98171284,972.0579924,43.35934682,1,22.7
350,3,2023-01-01 10:20:00,540.9214478,291.1649343,3025.296718,1.599079272,46.29707584,8.620440527,91.78472392,815.7898793,45.49809472,1,25.9
351,3,2023-01-01 10:30:00,,274.0896112,2907.113568,1.863848533,,9.612253332,74.76001409,955.7668268,39.8332983,1,22.65
352,3,2023-01-01 10:40:00,519.6567576,275.6345105,3081.035979,1.18048156,49.00890345,6.756723914,74.39274544,860.8189237,46.78812547,1,21.4
353,3,2023-01-01 10:50:00,493.4315983,261.4731576,3195.660369,1.247095334,40.98037754,6.934436419,79.6290474,1008.586543,65.38408448,0,22
354,3,2023-01-01 11:00:00,548.192538,296.3504703,3335.3452,1.064029088,51.19857631,6.349712241,73.45358063,739.4687123,57.7305986,1,21
355,3,2023-01-01 11:10:00,525.3080145,290.8454281,3007.854713,1.292827762,49.44395235,7.307174853,72.10100345,577.9220034,34.51658108,1,22.6
356,3,2023-01-01 11:20:00,509.1153444,271.8978104,3187.551642,1.268180787,41.97431293,7.097554063,86.25167825,842.530888,47.03065859,1,22.4
357,3,2023-01-01 11:30:00,529.5494976,281.9504263,3180.453265,2.110280532,46.40926039,10.4384039,75.80371549,1096.573029,45.23321668,0,30.7
358,3,2023-01-01 11:40:00,443.2255792,244.8226627,3050.981768,1.438716991,43.25123474,7.767870167,81.11705572,974.5227238,55.6557924,1,23.3
359,3,2023-01-01 11:50:00,478.3152591,251.2272612,3305.808574,1.377143864,47.00239868,7.479213657,92.76442605,872.4033122,51.13652254,1,23.4
360,3,2023-01-01 12:00:00,592.9359241,318.5391336,2799.17093,1.340353192,57.17621906,7.46297944,79.54521864,944.694574,44.28444686,1,23
361,3,2023-01-01 12:10:00,556.2702411,285.6194473,3100.894821,1.191940559,50.14376262,6.718763588,98.31244857,763.0349797,37.22197254,1,21.6
362,3,2023-01-01 12:20:00,513.9216969,279.4621506,3163.081982,1.421828935,45.24166024,7.623287223,79.38893459,1076.460954,45.10099156,1,23.7
363,3,2023-01-01 12:30:00,548.3486604,304.9575429,3113.540932,1.611573342,49.11427878,8.574161922,92.71660544,875.2947595,40.79544932,0,26.1
364,3,2023-01-01 12:40:00,461.2090915,250.0563967,3361.950642,1.937205769,40.38514692,9.6553244,83.29398877,1301.971271,36.28408488,1,28.6
365,3,2023-01-01 12:50:00,506.3932018,269.7175865,3287.924228,1.671013474,46.0686117,8.563927419,70.42564884,1027.776208,35.70191288,1,26.2
366,3,2023-01-01 13:00:00,590.1579137,311.8714835,2837.668389,1.362841637,48.54093711,7.459817825,83.13618887,646.2412122,42.34898074,1,23.1
367,3,2023-01-01 13:10:00,476.18483,,2789.656844,1.236763121,,7.00439761,74.62874933,914.9074129,52.02069592,1,21.1
368,3,2023-01-01 13:20:00,420.1896184,229.0547615,2860.8553,1.174012849,44.78182586,6.628361841,69.55145979,610.7906898,44.22200954,0,20.1
369,3,2023-01-01 13:30:00,511.9985391,,2683.319067,1.167504622,,6.714370284,80.66064945,1208.202674,54.28576643,0,20.4
370,3,2023-01-01 13:40:00,462.3843655,254.8115359,3053.559165,1.117838054,48.21774055,6.46985104,91.21399901,719.9249151,69.91154998,1,20.3
371,3,2023-01-01 13:50:00,573.6734885,314.7616821,2940.435755,1.206286914,51.11500132,6.914599319,70.09462582,988.8131824,62.9348483,0,21.8
372,3,2023-01-01 14:00:00,545.1301548,303.8944513,2882.502747,1.060499075,50.13993587,6.138803596,67.4972392,1066.599497,54.26840992,1,19.7
373,3,2023-01-01 14:10:00,529.7186517,,2619.952572,1.511369613,,7.969915502,80.80208361,1106.059279,57.96027614,1,23.6
374,3,2023-01-01 14:20:00,446.1984259,243.1126076,2992.774684,1.625944994,39.24975983,8.553389915,83.76183112,907.7256386,53.85033595,1,25
375,3,2023-01-01 14:30:00,580.3910408,310.9230769,2819.223094,1.224573287,50.57188817,6.971270135,65.05202017,1011.048263,37.78443668,0,21.7
376,3,2023-01-01 14:40:00,522.4361565,280.9046168,2959.575737,1.379588851,45.14268971,7.442800334,80.47982294,647.8816311,55.60804486,1,22.9
377,3,2023-01-01 14:50:00,416.5136759,223.6474621,2586.880289,0.855143989,38.88225401,5.48879299,86.1038271,897.6910795,34.37898871,0,16.8
378,3,2023-01-01 15:00:00,448.0176511,235.2695302,2673.767465,1.884353051,39.07861185,9.536531057,84.03290012,1153.808551,48.67988794,0,26.7
379,3,2023-01-01 15:10:00,,247.300463,2838.095926,1.719177423,,9.030035757,85.21377363,1076.002938,31.71730522,1,22.65
380,3,2023-01-01 15:20:00,498.8275524,275.4007161,3088.020684,1.149859769,47.25648126,6.605013139,68.09484895,661.6448891,44.64007141,0,20.9
381,3,2023-01-01 15:30:00,563.1317225,303.0687723,3248.710114,1.346780045,49.49238256,7.359935073,70.37705383,825.4439463,59.19577025,1,23.5
382,3,2023-01-01 15:40:00,476.4167157,262.7648128,3118.576716,1.337585945,42.5045482,7.277275156,72.89641617,448.958436,55.17357895,1,22.5
383,3,2023-01-01 15:50:00,507.7199749,283.6051419,2996.774326,1.113178795,44.21354161,6.310579204,87.46690109,1540.597777,62.06913088,1,20.2
384,3,2023-01-01 16:00:00,528.3477749,275.0402187,3558.56156,1.97502833,46.35325592,9.930840786,88.0494124,1014.187254,46.28834068,1,30.2
385,3,2023-01-01 16:10:00,464.2305021,252.7696453,2706.000741,1.172413372,43.10673566,6.607775411,77.98493033,1160.569483,58.76051483,0,20
386,3,2023-01-01 16:20:00,604.5769267,329.3485939,2667.037509,1.436424595,54.53382258,7.769997645,59.84463405,1237.199929,70.49389902,0,23.7
387,3,2023-01-01 16:30:00,519.4570779,281.1290581,3373.003649,1.621525303,46.49940486,8.472657765,78.95770087,1106.288633,62.02452741,1,26.2
388,3,2023-01-01 16:40:00,494.7497367,266.8735303,3131.64347,1.629742706,41.95964785,8.484658395,74.78257587,1134.296392,51.60628062,1,25.6
389,3,2023-01-01 16:50:00,509.0719178,274.3664558,2963.166508,1.329697813,43.85228334,7.35256127,79.99521415,1072.467333,38.92292575,1,22.5
390,3,2023-01-01 17:00:00,491.8346832,269.6215187,2954.11335,1.179126875,43.85506135,6.574895281,75.46932374,937.1234691,51.89785982,0,20.6
391,3,2023-01-01 17:10:00,566.365667,297.0715093,2929.737428,1.176734673,45.07689789,6.645946749,82.90228346,1419.147048,60.31135171,0,21.2
392,3,2023-01-01 17:20:00,368.6579174,198.1206651,2677.122846,0.6362681561,35.91041102,4.523109261,89.37586499,1092.667211,39.76452216,0,14.7
393,3,2023-01-01 17:30:00,417.170483,227.9295131,3197.88306,0.6520703983,43.04606842,4.752489963,74.9247992,843.9540738,47.2400556,0,16.3
394,3,2023-01-01 17:40:00,461.8910061,252.5398098,3259.644817,1.569488518,42.03308491,8.380848942,88.76174503,842.2589438,55.07522953,1,25.2
395,3,2023-01-01 17:50:00,450.6617233,254.7296272,2651.204916,0.9489505959,39.73491375,5.859449301,88.23748967,1161.978075,47.73852019,1,18
396,3,2023-01-01 18:00:00,554.0055331,298.2683749,3125.239766,1.562453618,57.80876387,8.197563832,73.5862937,932.8867098,38.85304437,1,25.3
397,3,2023-01-01 18:10:00,567.9842493,305.612013,2705.410669,1.723544865,48.94132763,8.59920572,81.83529339,743.439303,46.1265584,1,25.8
398,3,2023-01-01 18:20:00,515.5939693,286.2213071,3186.186461,1.121592978,50.71903695,6.49073273,67.07006134,935.1428614,43.40090814,1,20.9
399,3,2023-01-01 18:30:00,545.8453764,289.1927443,2993.335616,1.488716241,46.93452349,8.096326449,75.7529807,1717.612908,27.0041749,1,24.6
400,3,2023-01-01 18:40:00,556.1882886,296.666573,2924.006651,1.479584615,55.98441636,7.809803572,86.4787397,1105.456791,58.5705605,0,24
401,3,2023-01-01 18:50:00,457.3514087,247.2152293,3238.997734,0.9886583537,39.59751334,5.908560195,76.23055502,973.55814,29.73492084,1,19.4
402,3,2023-01-01 19:00:00,428.247467,236.1700914,3048.211348,0.9462570812,38.03924894,5.888789488,72.96716637,1274.428096,66.63701429,0,18.7
403,3,2023-01-01 19:10:00,500.207453,272.5331341,2994.140491,1.35666467,46.19747679,7.341809052,76.11182499,630.2264892,53.21781182,1,22.6
404,3,2023-01-01 19:20:00,500.5879507,272.4934309,2882.159785,1.455058857,49.04631699,7.770956721,80.30610394,919.2454586,39.50885233,1,23.4
405,3,2023-01-01 19:30:00,351.6043437,199.5384805,2749.551886,1.017413141,32.47689791,6.0586699,60.30084585,1003.993651,42.36532069,0,18.2
406,3,2023-01-01 19:40:00,461.092285,254.8875619,3111.363254,1.240270714,43.691079,6.959277845,78.51369142,1083.869514,49.75405192,0,21.6
407,3,2023-01-01 19:50:00,414.2797888,228.0869568,2996.141527,0.8989976719,42.28896688,5.397365109,69.2806095,1352.61348,44.52757983,0,17.6
408,3,2023-01-01 20:00:00,410.5043232,,3081.774471,1.300227653,,7.138938607,79.95212633,963.2556222,50.62703036,1,21.7
409,3,2023-01-01 20:10:00,542.3096476,294.430138,2959.88144,1.153881827,46.90031347,6.537888993,94.46035177,1027.210615,28.96317833,1,20.8
410,3,2023-01-01 20:20:00,571.3892751,311.5343883,3145.267782,1.3797591,52.83893708,7.476200166,90.57011633,1276.409863,53.20207047,1,23.7
411,3,2023-01-01 20:30:00,446.0003749,246.0707153,2814.830633,1.020038693,41.73691645,6.160060402,74.87087348,1068.753096,47.15884403,0,19
412,3,2023-01-01 20:40:00,478.1161465,260.4497811,3054.224177,1.837770705,46.0171988,9.386696055,90.21781116,983.9700031,48.93532995,0,27.4
413,3,2023-01-01 20:50:00,443.0954055,246.2491527,2945.524081,0.9479858013,45.06823723,5.739713372,83.12182769,1014.538894,54.09031856,0,18.3
414,3,2023-01-01 21:00:00,461.6373979,254.1147634,2962.126292,1.016551177,43.98652773,5.946258152,82.91685616,851.8287552,37.17132083,1,19
415,3,2023-01-01 21:10:00,550.1065715,288.5580638,2762.630812,0.957307413,50.16480582,5.744594884,90.83779193,855.1108057,60.6415869,0,18.5
416,3,2023-01-01 21:20:00,542.9412569,293.9918065,2670.561818,1.007900177,55.83161337,6.003826311,86.52017329,852.6266985,53.39812963,0,18.9
417,3,2023-01-01 21:30:00,436.5245394,240.4838776,3252.98571,0.6386997169,45.59663988,4.393442729,65.59735511,1141.943826,19.24408115,1,15.8
418,3,2023-01-01 21:40:00,501.1420198,273.0652744,2907.520751,1.543590816,46.59486448,8.220087328,66.44976143,962.7173927,56.53641035,1,24.5
419,3,2023-01-01 21:50:00,481.6824697,247.2142988,3097.754525,0.384060906,48.71805569,3.675585317,87.20152565,1108.378222,37.05500142,1,13.7
420,3,2023-01-01 22:00:00,483.0193236,254.8498335,3265.493584,1.284160022,44.74009338,7.028820685,75.20329098,1132.861459,28.13274473,1,22.3
421,3,2023-01-01 22:10:00,480.9947782,264.3886749,2853.349109,1.113648916,38.79607135,6.376212769,74.92761233,715.8761706,63.3093327,0,19.9
422,3,2023-01-01 22:20:00,561.0449272,296.4380657,3301.413606,1.213161959,52.52323602,6.929964668,78.41661727,1109.324671,60.76187014,1,22.5
423,3,2023-01-01 22:30:00,465.6251903,258.5713504,3310.81454,0.8570210899,45.85853188,5.306180968,85.18419438,1451.233765,42.22492053,1,18.2
424,3,2023-01-01 22:40:00,499.2569766,267.4515944,2998.7643,1.271038083,44.89402545,7.091579259,73.99238602,1183.502611,40.40810019,1,21.9
425,3,2023-01-01 22:50:00,506.7200697,272.8421835,3171.554195,1.498600486,51.49970407,8.103434885,68.41766962,932.758645,53.75608348,0,24.7
426,3,2023-01-01 23:00:00,460.7844429,261.9403356,3084.082107,1.778210529,47.71191744,9.049668783,70.15914537,857.6127399,47.48831627,0,26.6
427,3,2023-01-01 23:10:00,533.5504713,285.7076594,2610.560616,0.9758333827,48.72262885,5.927216081,79.25884673,1464.186576,57.75388531,0,18.5
428,3,2023-01-01 23:20:00,492.7251057,265.9705939,2656.973529,1.071196846,49.68694111,6.246712035,97.49427052,1509.26062,41.73805325,1,19.2
429,3,2023-01-01 23:30:00,505.5314889,263.8194602,2969.938782,1.519608527,48.57057761,8.072745833,86.7979962,815.0601438,35.43600627,1,24.3
430,3,2023-01-01 23:40:00,498.6586029,278.5493432,2983.833904,1.293281337,52.82090674,7.275100715,82.67140164,608.9518027,42.85760305,1,22.3
431,3,2023-01-01 23:50:00,507.3098198,261.4412631,2709.950199,1.455776884,45.23182824,7.774240213,89.43381179,1060.449746,57.24092679,1,23.1
432,4,2023-01-01 0:00:00,,296.1979117,2837.447978,1.527159579,,8.254647158,61.03057776,846.8529917,40.5689342,0,22.65
433,4,2023-01-01 0:10:00,482.7609013,258.1576701,2802.930804,1.476737932,46.91967139,7.864297121,80.50553775,855.9893558,53.57859094,1,23.3
434,4,2023-01-01 0:20:00,475.6553224,258.7811914,2935.841878,1.801390256,47.75011082,9.403641486,88.34418784,694.6808461,37.88418135,1,27.1
435,4,2023-01-01 0:30:00,522.9055767,281.2553374,3430.928048,1.610659866,48.82936172,8.414426883,79.43465834,1187.282165,59.83985566,1,26.2
436,4,2023-01-01 0:40:00,567.2931793,303.977219,3174.732702,1.642354658,50.18226064,8.592823729,80.57743986,755.9639705,44.16439889,1,26.5
437,4,2023-01-01 0:50:00,575.7327617,295.6400718,3515.646711,1.753222445,48.23249087,9.212212968,82.26826183,1205.468686,54.48357537,1,28.7
438,4,2023-01-01 1:00:00,524.9812699,280.8339176,3297.787116,1.721004664,45.62098647,8.964622914,64.36157925,1002.883998,61.56569472,1,27.2
439,4,2023-01-01 1:10:00,519.7727131,273.750528,2676.546828,1.582352806,46.95167619,8.049229197,83.12679053,1304.636959,32.59551399,1,24
440,4,2023-01-01 1:20:00,455.3497581,246.4247782,2753.669495,1.058550626,47.19537859,6.189492449,89.99287495,1052.453426,40.43864405,0,19.1
441,4,2023-01-01 1:30:00,458.370445,249.2059982,2915.853303,1.641116674,45.32834577,8.534210777,78.31030143,1177.158577,64.7862474,0,25
442,4,2023-01-01 1:40:00,575.288652,309.8094026,3111.97014,1.51910648,56.57175332,8.233591287,77.81077786,1051.532875,65.74557153,0,25.4
443,4,2023-01-01 1:50:00,546.0254466,301.8553413,3395.294651,1.564656738,49.61063448,8.145786707,77.0121957,851.3174929,62.32462427,1,25.7
444,4,2023-01-01 2:00:00,538.7970284,281.227715,3092.638607,1.174958324,46.793125,6.81822454,86.79502401,1107.165789,47.29917756,1,21.6
445,4,2023-01-01 2:10:00,547.9950055,,2774.245359,1.673623612,,8.663663498,82.3241468,1441.771374,52.65952816,1,25.7
446,4,2023-01-01 2:20:00,468.1116583,242.8981984,2970.81491,0.7446176255,46.2002519,5.065195637,99.08645517,579.8434373,57.47480347,1,16.8
447,4,2023-01-01 2:30:00,499.0123041,265.293887,2806.523271,1.062244129,46.26253218,6.142299154,82.12782519,1149.081851,65.53069847,0,19.3
448,4,2023-01-01 2:40:00,613.5519134,325.8501335,2873.054656,1.440373046,49.63930615,7.914226686,90.84600889,982.6036141,63.36788728,1,24.4
449,4,2023-01-01 2:50:00,542.3506508,293.9275951,2596.652701,1.58909742,48.26357056,8.483090276,86.65973001,1107.910058,44.13633792,1,24.8
450,4,2023-01-01 3:00:00,,268.0431124,3119.024511,1.250659257,,7.181204526,84.05403597,1322.657195,35.02882381,1,22.65
451,4,2023-01-01 3:10:00,601.652652,,3271.31644,1.553716567,,8.217254522,72.51700317,1031.412805,61.14391053,1,26
452,4,2023-01-01 3:20:00,539.5980893,288.9309125,3160.707766,1.033932164,46.68339844,6.131708934,75.75145659,753.0538275,42.05915081,0,20.1
453,4,2023-01-01 3:30:00,453.8972643,246.925133,3234.383782,1.598423546,47.05051452,8.449417821,75.18423303,1161.373558,39.17964302,1,25.3
454,4,2023-01-01 3:40:00,455.6519416,245.2876201,3159.858199,1.601646654,42.30874744,8.437346788,66.69701982,1324.013689,50.58258064,1,25.2
455,4,2023-01-01 3:50:00,521.5272019,272.8794683,2507.713697,0.8312117573,47.44672291,5.236301009,74.26930473,1284.313469,66.35170454,0,16.6
456,4,2023-01-01 4:00:00,498.3324685,270.499768,3150.023958,1.501225714,46.06191351,8.086468685,91.53032977,784.5614542,40.88744891,0,24.6
457,4,2023-01-01 4:10:00,524.9827088,275.9897646,2896.694232,1.265978091,44.76037663,6.98786046,78.56974329,1211.621662,43.98761783,1,21.7
458,4,2023-01-01 4:20:00,511.7002907,274.2083309,3011.466935,1.535346667,50.44192256,8.101675565,74.43647673,761.2730977,54.94900911,1,24.5
459,4,2023-01-01 4:30:00,479.1347691,266.2390755,3280.483127,1.26226399,46.05912913,7.16685134,81.12170246,682.146743,49.70472876,1,22.5
460,4,2023-01-01 4:40:00,520.3387158,286.2990066,3115.898561,1.91626949,44.50807842,9.645427058,92.42881896,1257.137417,37.48492575,1,28.6
461,4,2023-01-01 4:50:00,,305.3194866,2986.179199,1.250330708,,6.833781328,62.51656917,1150.298488,39.5505282,1,22.65
462,4,2023-01-01 5:00:00,549.1620464,296.3156701,3155.821329,2.160834478,49.55453513,10.67229949,51.50225294,1088.514968,46.52769913,1,31.5
463,4,2023-01-01 5:10:00,485.0645559,266.8124887,3206.53095,1.321199221,47.62377079,7.588266027,89.73276372,1266.801657,60.24108268,1,23.3
464,4,2023-01-01 5:20:00,,282.6173024,3109.90498,1.611652549,,8.450992442,87.00729595,1088.219761,52.55192322,1,22.65
465,4,2023-01-01 5:30:00,,268.1878908,2815.180303,1.39718637,,7.680493347,74.66701128,738.0470636,47.57749417,0,22.65
466,4,2023-01-01 5:40:00,517.2610275,284.9756153,2784.615824,0.8144323935,50.58059695,5.08388688,78.44317142,761.4860331,49.51802108,0,16.8
467,4,2023-01-01 5:50:00,449.783587,241.1168123,3221.618034,1.347645007,43.7131857,7.546850265,89.96338257,1135.931776,32.68807346,1,23.1
468,4,2023-01-01 6:00:00,405.9937811,214.3504043,3015.85626,0.9014953398,40.60420314,5.368566062,61.60587851,1206.720136,48.59486168,0,17.5
469,4,2023-01-01 6:10:00,521.049058,274.0970562,3125.992904,1.315963397,51.52247606,7.248330499,76.86607954,723.0624077,52.28100533,1,22.7
470,4,2023-01-01 6:20:00,494.8439833,274.3590265,2631.378377,1.598501475,49.91522588,8.360844655,75.43885051,1093.326911,42.50135202,1,24.3
471,4,2023-01-01 6:30:00,481.2601836,265.6589612,2857.757039,1.409202398,47.42380931,7.828256975,90.48427475,1494.162841,59.26444227,1,23.2
472,4,2023-01-01 6:40:00,384.2649389,212.5891582,3361.481466,1.329885722,36.40139889,7.274730588,88.97366253,939.9983305,55.04694643,1,22.4
473,4,2023-01-01 6:50:00,442.5445067,238.5569242,2933.374499,1.294082717,42.40335657,7.296178236,64.08121387,1040.831759,35.30336605,1,21.9
474,4,2023-01-01 7:00:00,470.7308376,252.9786212,3273.586781,1.756644776,43.66540881,8.856809375,67.26947633,1032.473858,63.6968192,1,26.6
475,4,2023-01-01 7:10:00,492.1588859,272.2657579,2662.376069,1.483742344,44.14105729,8.000495034,64.96933894,1205.592362,35.89773732,1,23.4
476,4,2023-01-01 7:20:00,578.9527018,312.4698818,2759.547916,1.544893269,50.49153876,8.181842729,74.32981707,751.884667,56.4698036,0,24.7
477,4,2023-01-01 7:30:00,477.0348308,257.3544871,2899.069958,1.61774693,50.78562272,8.55981389,76.59137286,858.4064276,40.61201961,1,25.1
478,4,2023-01-01 7:40:00,513.652533,273.1298677,2759.184221,0.9799975125,51.50300762,5.994199792,96.88571341,780.6505494,65.33341725,1,18.8
479,4,2023-01-01 7:50:00,510.0580827,282.2745891,3166.572324,1.69005556,50.03448459,8.628124046,77.82214858,933.5190611,52.7147745,1,26.2
480,4,2023-01-01 8:00:00,501.2975424,277.091201,3019.850234,1.414989077,42.33573767,7.599201279,64.55650176,1058.199842,42.97794691,0,23.3
481,4,2023-01-01 8:10:00,534.4658465,288.4214234,3158.457006,1.430676339,51.6185663,7.738587306,85.73711592,1245.251447,63.15895586,1,24.1
482,4,2023-01-01 8:20:00,538.6105333,285.9134289,3007.991385,1.511757481,45.07620864,8.109882143,71.48423006,1223.606597,57.23093674,1,24.7
483,4,2023-01-01 8:30:00,523.5350766,276.9621993,3270.083673,1.472184372,47.45986738,7.803922191,80.34551734,1017.851773,60.45850496,1,24.4
484,4,2023-01-01 8:40:00,549.2015625,295.1264898,2952.546003,0.8263455951,54.00427198,5.210082113,71.91173329,1083.883714,33.87598721,1,17.6
485,4,2023-01-01 8:50:00,502.9000702,279.7021981,3065.262106,1.269984702,49.37771771,6.989137786,95.62605711,695.641622,36.70560971,1,21.9
486,4,2023-01-01 9:00:00,459.3239593,252.9671883,2650.270514,1.397572411,45.24089527,7.50224025,81.18414083,1014.844802,50.97274081,1,22
487,4,2023-01-01 9:10:00,452.6350997,244.5021114,3323.695025,1.507861615,41.40601854,7.909983406,89.30043109,797.3179912,30.36640176,1,24.3
488,4,2023-01-01 9:20:00,495.9490163,276.1383927,2922.891747,1.084861097,45.94874487,6.199835312,65.08215789,458.1806011,58.83915515,0,19.7
489,4,2023-01-01 9:30:00,488.589481,260.5027957,2934.329403,1.156546185,46.48852437,6.618762708,85.66334239,1130.092389,61.92639895,0,20.6
490,4,2023-01-01 9:40:00,515.743005,280.1284527,2973.465423,1.287735584,53.11642012,7.077800826,70.07330278,542.3564586,41.40414316,0,22
491,4,2023-01-01 9:50:00,502.9690849,264.4232931,3524.808781,1.47395973,49.46821262,8.031888773,71.06007397,1169.509553,45.13105511,1,25.2
492,4,2023-01-01 10:00:00,565.1920392,301.3057321,3003.606194,1.618960571,48.30736614,8.659060486,70.3132599,942.6800334,37.87183616,1,26.2
493,4,2023-01-01 10:10:00,471.7959399,254.1065852,3091.41045,0.8106139183,42.35128092,5.362944572,100.3390107,969.8302821,55.78730356,1,17.7
494,4,2023-01-01 10:20:00,513.1643085,,2831.82053,1.424773107,,7.639676252,91.13770259,851.6763884,49.02417352,0,23.1
495,4,2023-01-01 10:30:00,587.5087338,,2886.645279,1.835467783,,9.412797928,78.16416178,801.0062264,42.77674918,1,28.1
496,4,2023-01-01 10:40:00,542.6083506,284.0305056,3528.762012,2.223909058,42.09594787,10.92535874,73.45271951,1092.76845,43.03088178,1,32.8
497,4,2023-01-01 10:50:00,515.9770808,275.3837789,3010.573006,1.398018466,45.77076814,7.543928215,83.62805014,1067.72613,71.07506388,1,23.2
498,4,2023-01-01 11:00:00,470.2907293,256.3269469,3000.788392,1.947151541,44.10719538,9.884709004,77.73470758,1262.286217,54.55549388,1,28.4
499,4,2023-01-01 11:10:00,471.8513101,261.1815206,3024.981792,1.105631605,44.74030958,6.283520291,94.09297031,1016.401504,34.53360683,1,20
500,4,2023-01-01 11:20:00,556.0641836,302.1975254,3148.451561,0.9674102885,48.33692317,5.69447621,91.00548146,804.1257534,45.54646169,1,19.2
501,4,2023-01-01 11:30:00,482.9745963,262.5675211,2995.781322,1.338383863,44.41967682,7.335355779,76.08451267,872.592427,43.12497746,1,22.4
502,4,2023-01-01 11:40:00,500.6692574,262.90992,2890.734007,1.014795575,47.36070809,6.117560532,95.93225185,910.1645311,46.6426678,1,19.3
503,4,2023-01-01 11:50:00,510.0263798,271.3943826,3320.553397,1.52042953,48.18228465,8.273542538,73.50378658,1420.757483,45.14983443,1,25.4
504,4,2023-01-01 12:00:00,534.3156007,285.4938734,2611.674697,1.48263224,50.44927572,8.034249294,84.21273289,1741.281836,50.56634845,1,23.6
505,4,2023-01-01 12:10:00,416.8279546,234.6870483,2785.86782,0.8558228737,45.56049149,5.400917661,70.10095037,829.0521243,50.37962092,0,17.1
506,4,2023-01-01 12:20:00,555.4083831,299.0861882,2902.962097,1.395477482,48.54803938,7.491093442,80.67369562,901.5922185,62.33227896,1,23.2
507,4,2023-01-01 12:30:00,435.4919573,229.6115956,2992.711746,0.9414164625,38.41307928,5.816966703,62.43878936,970.2155582,29.46489076,1,18.5
508,4,2023-01-01 12:40:00,470.3936763,254.1220485,2828.120887,0.9961644944,45.65852105,6.008088101,79.36527673,1207.01412,63.17937085,0,18.8
509,4,2023-01-01 12:50:00,562.2590157,305.6662915,2731.102472,1.508738431,50.22482023,7.91051948,79.85071365,633.8718439,41.83475043,0,23.9
510,4,2023-01-01 13:00:00,545.5389286,296.4552247,3018.052882,1.266332421,52.6028914,7.146100532,65.27101944,758.4629102,66.17856866,1,22.4
511,4,2023-01-01 13:10:00,471.1389397,257.38425,2820.615542,1.215760721,45.63979707,6.896999276,63.34021291,1060.976773,46.09963745,0,20.9
512,4,2023-01-01 13:20:00,463.4146752,256.4446682,3069.840193,1.656391241,42.30298943,8.474445759,101.8858498,1092.505608,79.93098771,1,25.2
513,4,2023-01-01 13:30:00,,,3041.058267,1.467484885,,7.883664935,73.77799083,1222.300592,39.61335807,1,22.65
514,4,2023-01-01 13:40:00,509.9625086,267.9389451,3107.551356,1.163879371,45.5678367,6.770297003,86.22704768,935.4444612,49.46164299,0,21.4
515,4,2023-01-01 13:50:00,453.314872,244.9290424,3000.159426,1.38715466,38.74517895,7.626157701,90.33745261,1232.566711,39.35419018,1,22.9
516,4,2023-01-01 14:00:00,581.2533155,312.6298842,2790.067227,1.559946721,54.09489797,8.058214038,87.8286661,847.5575382,12.65599176,0,24.6
517,4,2023-01-01 14:10:00,609.0507736,320.5974299,2974.103566,1.514672027,57.46114024,8.041543773,77.19569599,1156.295161,54.77869077,1,25
518,4,2023-01-01 14:20:00,499.1941914,274.6573273,2981.892267,2.048508463,46.81244582,10.26016194,85.66214311,954.3370197,61.37434204,1,29.5
519,4,2023-01-01 14:30:00,437.1341118,231.7094034,2699.363688,1.043859463,41.18745777,6.200612008,67.02504265,835.1354116,53.30596285,1,18.8
520,4,2023-01-01 14:40:00,458.0889762,249.0471466,3160.39394,1.227614108,41.38413913,6.986502704,72.11317882,1046.407735,43.0728759,0,21.7
521,4,2023-01-01 14:50:00,557.8038658,305.2226828,3181.176314,1.162967216,45.42638205,6.608093419,76.27264009,813.6741964,43.76300707,0,21.5
522,4,2023-01-01 15:00:00,524.1922734,285.4890864,2812.604524,1.198094883,43.89590823,6.954281916,109.7281013,770.8285589,51.2889004,1,21.3
523,4,2023-01-01 15:10:00,516.9131063,280.466775,3213.790019,1.777933609,47.73310896,9.064403433,83.30286478,767.2319346,37.34982271,1,27.3
524,4,2023-01-01 15:20:00,564.506428,302.1952308,2824.360842,1.625400543,46.82879403,8.502390452,66.52102215,1506.014306,46.2433404,1,25.5
525,4,2023-01-01 15:30:00,456.1029148,253.4451236,2695.414519,0.9424295057,41.25600953,5.706783956,60.58392259,1091.254886,58.09014557,1,17.8
526,4,2023-01-01 15:40:00,441.0780699,236.6068455,3099.882553,1.210889356,45.22936117,6.886482864,87.26249073,736.6798979,39.13685643,0,21.3
527,4,2023-01-01 15:50:00,438.9013504,236.7874969,3016.863308,1.373561416,45.78251688,7.503873433,59.90283427,639.8476422,48.10997745,0,22.6
528,4,2023-01-01 16:00:00,480.4940791,258.6677729,2777.891921,1.373846943,48.07685652,7.511781614,92.23339358,1057.53847,49.06441866,0,22.4
529,4,2023-01-01 16:10:00,489.9131229,265.4168407,3012.674286,1.545277571,47.47045787,7.911374959,78.05683507,1353.638999,50.51661163,1,24.1
530,4,2023-01-01 16:20:00,549.6922617,294.4042378,3209.53731,1.878450848,50.09004374,9.525693822,74.43316853,937.6123025,57.73947638,1,28.7
531,4,2023-01-01 16:30:00,450.5901678,244.6809751,3470.229168,1.29193997,44.14901089,7.289146268,81.13817803,1125.574351,43.03859976,1,23
532,4,2023-01-01 16:40:00,475.4158566,263.1367304,2976.270845,1.187358153,46.19728884,6.861917166,76.64355552,795.7352111,43.60225841,1,21.1
533,4,2023-01-01 16:50:00,534.0809547,282.0302565,2911.283369,1.458772163,46.39133721,7.752971207,78.49484788,631.7980612,52.98223185,1,23.7
534,4,2023-01-01 17:00:00,475.0366414,,2917.273647,1.443351407,,7.749654518,75.88781042,870.4519493,50.49704768,1,23.2
535,4,2023-01-01 17:10:00,555.2164859,288.8159444,2972.825513,1.421118151,48.2844634,7.689725376,70.6704428,1070.056464,60.69407971,1,23.7
536,4,2023-01-01 17:20:00,516.3098556,279.6753132,2904.622456,1.410921906,46.6651071,7.595399862,74.10140424,693.8502549,61.00026136,1,23.1
537,4,2023-01-01 17:30:00,485.1627562,265.8788496,2889.152498,1.315881218,43.83432958,7.195137309,75.0635857,750.4372886,46.74473744,0,21.9
538,4,2023-01-01 17:40:00,503.9734616,268.4911357,2675.560546,1.044809881,45.86342757,6.141212941,71.33808559,1153.471264,52.15276462,0,19
539,4,2023-01-01 17:50:00,462.5237864,252.2047203,2777.280943,1.090333757,43.94032552,6.397978844,81.4667156,789.7623548,48.36914027,1,19.6
540,4,2023-01-01 18:00:00,543.7614418,287.3436542,3323.549771,1.61154553,49.48906324,8.602683133,83.83496155,866.2896941,53.79916182,1,26.5
541,4,2023-01-01 18:10:00,440.2736867,,2436.247576,1.184726827,,6.693995277,84.58842476,1143.511032,59.22618217,0,19.5
542,4,2023-01-01 18:20:00,,305.8202712,3139.630688,2.206609459,,10.66440995,60.13654706,550.2759329,66.40545409,1,22.65
543,4,2023-01-01 18:30:00,557.1134531,295.6665962,3181.573993,1.371863124,55.56650453,7.385910007,90.55641536,698.7922252,51.49103399,1,23.5
544,4,2023-01-01 18:40:00,445.7728454,235.9670218,2763.99759,0.9315284917,41.00229507,5.622766143,91.71987179,730.3241022,34.66970389,1,17.7
545,4,2023-01-01 18:50:00,484.4725935,258.5278293,2854.902344,0.6682667944,46.81311803,4.793484649,82.08760479,718.9046839,45.30978089,0,16
546,4,2023-01-01 19:00:00,483.6895451,257.4595335,3297.720707,1.402576379,44.47296383,7.343240417,81.83792073,1063.697481,55.31837885,1,23.2
547,4,2023-01-01 19:10:00,468.3448825,248.38896,3241.793803,1.519146003,39.75054112,7.909959128,88.86513786,1244.800565,57.76056655,1,24.3
548,4,2023-01-01 19:20:00,473.4532675,251.3307609,2998.746845,1.73176216,48.4670826,8.944389778,65.13600766,884.1740965,54.55687426,1,26.2
549,4,2023-01-01 19:30:00,539.3750871,289.6379999,3059.159024,1.176719006,47.46085014,6.5376279,77.65323163,1394.937687,20.34232464,0,21.1
550,4,2023-01-01 19:40:00,530.953387,289.0529438,2873.814874,1.471895106,47.88693998,7.923188752,76.32345455,1041.422305,46.5958287,0,23.9
551,4,2023-01-01 19:50:00,514.6384669,270.9273438,3056.421853,1.539522972,43.26719228,8.068575735,65.21627995,1308.723497,39.2727743,1,24.6
552,4,2023-01-01 20:00:00,509.9706001,273.9302323,2979.817312,1.104845328,47.62571821,6.334961656,81.87998174,522.1449817,49.70422872,0,20.2
553,4,2023-01-01 20:10:00,469.5033003,251.9113102,2789.018688,1.097734299,44.8868845,6.373902031,79.95533233,930.7705895,41.40899318,0,19.6
554,4,2023-01-01 20:20:00,402.0098176,218.3625876,2774.053818,0.5976024796,44.32612542,4.331567177,88.78870752,1510.631119,60.99105288,0,14.5
555,4,2023-01-01 20:30:00,461.0579801,245.8181237,3299.036141,0.9641798269,45.84078945,5.88510903,73.1176281,1225.202649,40.83934098,1,19.4
556,4,2023-01-01 20:40:00,499.4244492,268.2334368,3308.0517,1.406446749,49.22318963,7.604420598,90.99352531,979.9706234,31.54088987,1,23.8
557,4,2023-01-01 20:50:00,604.8746933,,2815.665932,1.67167797,,8.481460813,100.8282288,832.7824927,58.35999701,1,26
558,4,2023-01-01 21:00:00,505.1465557,267.9863067,3030.910697,1.579485693,44.5223269,8.224899287,95.07651354,1360.182175,37.83779079,1,24.9
559,4,2023-01-01 21:10:00,544.76567,292.8529841,2990.002672,1.742830285,42.03185157,8.870511789,83.47207936,1163.433167,40.72184772,1,26.7
560,4,2023-01-01 21:20:00,481.5892217,257.1007379,3007.085175,0.7276893531,46.14961601,5.067894319,82.47733461,677.9538624,52.5837662,0,16.9
561,4,2023-01-01 21:30:00,,247.3901057,2913.882179,1.371505001,,7.532553387,70.45572982,1244.533496,65.92272213,1,22.65
562,4,2023-01-01 21:40:00,499.245139,271.7027006,3135.81666,1.237923569,50.85818192,7.043525732,70.30465036,758.9773209,51.48531797,0,22
563,4,2023-01-01 21:50:00,440.2390406,238.3240954,3051.750192,1.280886637,42.98709772,7.071387217,85.40500207,907.0405247,37.07296868,1,21.7
564,4,2023-01-01 22:00:00,509.5790948,279.9440483,3099.548916,1.640014857,42.86853346,8.511654232,81.35011193,554.338006,47.82978819,1,25.7
565,4,2023-01-01 22:10:00,441.6050495,250.2777479,2928.847585,1.183712882,43.5256154,6.984223886,85.67777938,869.7518927,48.09388181,0,21
566,4,2023-01-01 22:20:00,572.1504652,303.2785731,3238.815589,1.467165742,47.44616192,7.946552183,82.68590953,1126.213158,47.00859556,0,25
567,4,2023-01-01 22:30:00,483.430742,260.0312513,2816.67356,1.354959483,42.93673832,7.466960312,83.62704338,835.2681561,53.16938437,1,22.3
568,4,2023-01-01 22:40:00,446.1435713,251.6207896,2917.032847,1.08888112,41.11513899,6.261328225,86.8255754,850.8271287,67.508005,0,19.5
569,4,2023-01-01 22:50:00,522.0050599,284.4394507,3127.221486,1.368516082,48.77816303,7.580675668,74.09519081,1074.520631,54.96784688,0,23.5
570,4,2023-01-01 23:00:00,552.836334,298.1310788,3140.347196,1.079700398,47.18927764,6.379119831,65.38969647,1201.662781,50.71647591,0,20.7
571,4,2023-01-01 23:10:00,448.4296701,238.2042174,2616.127539,1.119209132,43.71796712,6.476894359,83.08011884,821.0448278,47.14391024,1,19.4
572,4,2023-01-01 23:20:00,486.1243375,263.7218474,2744.353355,1.171475593,44.08390203,6.722864868,75.81769109,919.8844388,43.73478823,0,20.4
573,4,2023-01-01 23:30:00,565.7504415,301.610362,2823.71571,1.477143569,49.53242822,7.869138131,81.49077834,585.1605617,43.51310396,1,24
574,4,2023-01-01 23:40:00,415.9508232,222.6068695,3111.419597,0.9012637942,39.25812054,5.607747337,82.57311339,1275.712846,44.82894127,0,18.2
575,4,2023-01-01 23:50:00,463.3150644,253.4230593,3042.224458,1.393132391,45.93706151,7.522044916,71.83292458,1450.964473,45.47859954,1,22.9
576,5,2023-01-01 0:00:00,547.8602335,299.9043544,2915.927819,1.166691488,51.46504058,6.568884383,79.53547417,951.8687321,44.45053798,0,20.9
577,5,2023-01-01 0:10:00,488.8569996,265.3931707,2806.972014,1.242744594,46.71292534,6.946749757,96.20488936,1134.627376,48.06194133,1,21.2
578,5,2023-01-01 0:20:00,508.6723342,270.7374134,3131.643629,1.262045303,43.92328337,7.001018419,73.33240139,832.4929159,50.52592468,1,22.1
579,5,2023-01-01 0:30:00,466.620122,255.2422388,3210.728392,1.030265048,45.4639999,6.192358593,88.50407131,949.6153529,44.18071632,1,20
580,5,2023-01-01 0:40:00,499.0521063,270.1632956,2758.841554,1.154431777,47.15206528,6.541305862,66.24299078,943.3860227,54.76796494,0,20.2
581,5,2023-01-01 0:50:00,497.6802037,,2738.900732,1.401578501,,7.390729323,83.27952802,1220.196818,44.95558091,1,22.3
582,5,2023-01-01 1:00:00,587.2582983,313.5919372,3068.08273,2.090518762,51.4001348,10.33303666,75.89750264,1136.802505,59.98933939,0,30.9
583,5,2023-01-01 1:10:00,499.1384004,272.8399293,3126.906733,1.313204823,46.24568411,7.288283867,67.55203402,750.0684197,26.9925097,0,22.7
584,5,2023-01-01 1:20:00,355.8959408,206.4197527,2668.37803,1.310811863,37.84181762,7.261304154,105.1833574,811.1359376,60.40123655,0,20.7
585,5,2023-01-01 1:30:00,498.105853,269.825786,3249.025328,1.607452718,41.20925436,8.357831311,85.33917692,1295.814558,39.59165136,1,25.5
586,5,2023-01-01 1:40:00,488.4112302,260.6825513,3041.39881,1.752205915,44.10574909,8.961461898,75.35016766,1412.563646,50.86985627,1,26.5
587,5,2023-01-01 1:50:00,457.3341096,243.0027039,2730.645695,1.025505361,41.56498773,6.027246546,90.80301224,1203.579356,59.61394705,0,18.7
588,5,2023-01-01 2:00:00,463.3517948,249.8396444,2916.378845,1.700397134,44.15149392,8.805913244,92.45030092,1151.792579,56.60273032,0,25.6
589,5,2023-01-01 2:10:00,534.3119617,287.367431,2774.337155,1.76732973,52.55292212,9.038879173,92.92000239,1297.411906,41.18221561,1,26.5
590,5,2023-01-01 2:20:00,540.1014562,289.1960364,2612.096089,1.122305883,46.80809043,6.534340855,94.5007385,1302.29505,47.69180736,1,20
591,5,2023-01-01 2:30:00,498.1403942,273.6515836,3091.259984,1.190840097,50.52120623,6.671408588,86.0384097,800.7790431,52.0009533,0,21.2
592,5,2023-01-01 2:40:00,560.3965014,293.480531,3180.835429,1.111050553,51.11417134,6.443518221,70.29179318,1278.12983,49.13561937,0,21.1
593,5,2023-01-01 2:50:00,506.7414058,278.1436119,2969.57688,0.7151005458,45.77068293,4.889731875,79.3521899,1288.212873,53.1561613,0,16.6
594,5,2023-01-01 3:00:00,,287.6872389,2922.995674,1.849528976,,9.385967026,71.75307712,1025.340287,49.89941822,1,22.65
595,5,2023-01-01 3:10:00,441.5925031,243.8054302,3341.475516,1.5247762,50.28868241,8.173724197,73.63313421,722.1669309,48.55798178,0,24.8
596,5,2023-01-01 3:20:00,581.1815536,310.9203119,3061.05182,1.242942257,50.73364269,6.977392666,83.12359519,1099.079871,42.45044342,0,22.3
597,5,2023-01-01 3:30:00,,251.4841826,2852.895685,1.189991139,,6.726580091,83.06289896,912.6483025,59.5081123,0,22.65
598,5,2023-01-01 3:40:00,476.7567747,255.3875246,3180.226824,1.342348127,47.22763286,7.439362235,91.86137546,1526.970801,47.7202828,1,23
599,5,2023-01-01 3:50:00,,256.4381288,3358.032534,0.8835680261,,5.454887875,77.1669203,871.4539279,47.47956946,1,22.65
600,5,2023-01-01 4:00:00,494.3478582,275.7480823,2915.016014,1.039537521,47.21978253,6.137192402,90.8912003,978.8270157,57.06523607,1,19.4
601,5,2023-01-01 4:10:00,569.6703607,297.7225464,2753.975717,1.377745778,50.94476658,7.575702368,76.17753282,905.0682999,38.61696865,1,23.1
602,5,2023-01-01 4:20:00,431.5634431,237.5092398,3246.906604,1.404652004,47.03704326,7.720672272,90.40450215,1070.056499,52.28124641,1,23.4
603,5,2023-01-01 4:30:00,543.2449974,290.5381972,3179.578037,1.453938454,52.99981074,7.680213645,82.29303359,894.7523221,34.25853722,1,24.1
604,5,2023-01-01 4:40:00,527.3305522,289.9547921,2655.778033,1.317578615,51.32350977,7.177822918,78.98316176,1126.980209,60.19083041,1,21.7
605,5,2023-01-01 4:50:00,596.2832048,322.029531,2950.014569,1.356573327,52.22389778,7.512150275,83.84178953,1038.611641,69.36337595,1,23.5
606,5,2023-01-01 5:00:00,436.1026975,228.8945162,2933.532147,0.8501338831,36.95045519,5.565838461,76.25678935,1097.478985,57.55671329,0,17.7
607,5,2023-01-01 5:10:00,537.3594596,290.1801856,3171.411393,1.566181709,49.09086434,8.274635979,77.43416558,1025.578321,38.26790205,0,25.4
608,5,2023-01-01 5:20:00,446.728893,244.7255978,3118.246342,1.409382165,41.75649765,7.559514212,62.55543111,1040.741827,64.34884271,1,23
609,5,2023-01-01 5:30:00,511.2684056,274.0088809,2700.60374,1.274586895,49.69782195,7.119726251,82.32534309,928.2706745,46.54222527,1,21.5
610,5,2023-01-01 5:40:00,433.9154745,236.428362,2891.525581,1.174464237,39.59269474,6.79233664,65.7131393,1169.514817,51.29602984,1,20.6
611,5,2023-01-01 5:50:00,526.51703,287.6521368,2801.864787,1.319384104,47.79923646,7.310310708,91.25280319,1003.163394,47.31747081,1,22.2
612,5,2023-01-01 6:00:00,,250.0065125,3013.757898,1.092092106,,6.35389149,84.81167526,1015.749501,48.91296749,1,22.65
613,5,2023-01-01 6:10:00,527.1850069,280.5968063,3033.022676,1.363229105,44.26051841,7.426811825,77.3088836,1106.702585,48.64604326,1,23
614,5,2023-01-01 6:20:00,506.1444849,275.4526843,2913.128848,1.138120257,46.43232192,6.622477376,81.16500507,1044.792477,59.67924644,0,20.6
615,5,2023-01-01 6:30:00,549.5459192,299.7762032,2830.147124,1.356148113,49.01450836,7.369257272,76.0451357,818.2469209,52.75783207,1,22.7
616,5,2023-01-01 6:40:00,543.9299747,295.3924426,3006.661119,1.062483161,49.13784541,6.310257752,83.35172594,1176.098666,54.54557007,0,20.3
617,5,2023-01-01 6:50:00,511.2427302,268.0647795,2696.097771,0.8757658894,40.77098237,5.328239207,65.4438148,1467.70629,69.88532084,0,17.2
618,5,2023-01-01 7:00:00,404.1276835,228.2503338,3041.719183,0.9382691404,43.86891099,5.762552587,88.83810472,1210.388908,59.19523787,0,18.4
619,5,2023-01-01 7:10:00,485.540536,258.7683939,2834.498834,1.00217897,47.18753397,6.069079443,68.0924224,1051.207955,41.94034429,0,19
620,5,2023-01-01 7:20:00,541.5577464,284.9323432,2891.522962,1.675715076,46.96926837,8.617548296,99.69975978,1348.095436,59.57845311,1,25.8
621,5,2023-01-01 7:30:00,444.8780565,239.3351481,2830.646443,0.9616164322,37.32112375,5.864137499,77.15708111,1137.381692,40.61618161,0,18.4
622,5,2023-01-01 7:40:00,541.9429916,287.5891404,3088.545032,1.551320408,48.84140668,8.191335114,85.46422342,988.5108133,41.77273214,0,25.1
623,5,2023-01-01 7:50:00,447.6914575,251.6577582,2854.375573,1.436986935,41.72342872,7.863119203,66.5286183,963.0093638,40.74064604,1,23.1
624,5,2023-01-01 8:00:00,517.853829,283.490463,3200.227128,1.692194588,49.47826092,8.732691892,63.17661643,762.1999134,40.84118869,1,26.5
625,5,2023-01-01 8:10:00,485.9504492,259.1238166,2706.860891,1.23362478,42.35738272,7.076216287,74.91855346,1290.217928,61.63934267,1,21.1
626,5,2023-01-01 8:20:00,548.6913499,298.6017615,3318.73887,1.500133621,47.19863897,8.00398041,87.56143261,939.4434783,35.65030628,1,25.2
627,5,2023-01-01 8:30:00,494.0095794,266.6124097,3273.025162,1.156676759,43.28540431,6.617673997,78.20928949,640.7508471,42.33848192,1,21.3
628,5,2023-01-01 8:40:00,449.4573113,252.0313278,3416.350945,1.028173823,45.30616758,6.224788081,89.2447111,979.5927575,54.81712622,1,20.3
629,5,2023-01-01 8:50:00,503.8487183,276.2905238,3315.934964,1.19430505,46.09653364,6.788632501,77.41598673,756.5648769,47.8972276,1,21.9
630,5,2023-01-01 9:00:00,505.2674045,278.1807489,3073.220397,1.603131694,49.85353271,8.388975571,92.29369049,968.9939933,13.9628088,1,25.3
631,5,2023-01-01 9:10:00,505.4261031,273.4947312,2521.122878,1.668980183,50.13447141,8.551829701,78.15322646,1329.557823,41.23597201,1,24.7
632,5,2023-01-01 9:20:00,409.0832016,217.491803,3160.626476,1.116452754,37.63785291,6.54895448,93.13424905,1057.288618,40.61652622,1,20.4
633,5,2023-01-01 9:30:00,479.8429264,255.9061932,3154.679197,1.356446189,44.1569308,7.40018912,85.75326363,908.0573425,39.78787166,1,22.9
634,5,2023-01-01 9:40:00,556.5729899,301.5317195,3316.894811,1.911851071,50.21696139,9.57091627,73.96572356,1066.774327,45.26477748,1,29.2
635,5,2023-01-01 9:50:00,421.9520714,234.0254058,3140.406422,0.8688969577,41.17940082,5.21556765,78.98824347,1114.11458,51.69335293,0,17.5
636,5,2023-01-01 10:00:00,464.3613584,254.6002235,2919.785996,1.704115266,43.98365617,8.614652187,84.2995,1049.58089,46.10407621,0,25.3
637,5,2023-01-01 10:10:00,453.011198,255.6089801,2781.828901,1.302426423,45.56017016,7.146380469,87.43216318,1035.586179,45.25384789,1,21.4
638,5,2023-01-01 10:20:00,490.3308711,264.5326187,3030.667959,1.628115724,49.72109048,8.71357179,80.73200206,1082.350814,59.50093246,1,25.7
639,5,2023-01-01 10:30:00,516.4440446,280.9393532,3015.269677,1.327043972,52.29642514,7.140202875,98.40932149,816.6121723,37.700696,1,22.3
640,5,2023-01-01 10:40:00,545.3728023,295.903351,2918.434439,1.335537096,48.37983548,7.354314268,109.2376306,723.4483259,32.96952308,1,22.7
641,5,2023-01-01 10:50:00,576.5258817,307.7087563,3058.978501,1.382494767,55.75551585,7.524150285,79.34327655,1082.386819,42.8696267,1,23.6
642,5,2023-01-01 11:00:00,547.3466666,292.8183109,2875.258637,1.498597299,43.69388559,8.023001106,76.36337299,982.4970383,65.85685849,1,24.3
643,5,2023-01-01 11:10:00,498.5468196,273.7157099,2847.904034,2.126906129,49.35009121,10.7114379,87.60548654,1290.288027,35.63893248,1,30.3
644,5,2023-01-01 11:20:00,509.6291198,266.6387248,2936.533959,1.172953067,51.43804715,6.763718776,77.45656466,619.0019447,40.59236456,0,21
645,5,2023-01-01 11:30:00,516.4341875,275.0045345,2971.20817,1.169664263,43.29305306,6.711736381,63.91069417,1267.677335,47.35347109,0,21
646,5,2023-01-01 11:40:00,425.4236483,232.2520442,3483.039242,1.071091125,41.79996558,6.317193511,81.74709456,1178.056077,40.9621294,1,20.6
647,5,2023-01-01 11:50:00,508.7577957,276.1505647,3230.539575,1.646792019,46.19289263,8.451939025,81.97647772,1272.088091,58.10304445,0,25.9
648,5,2023-01-01 12:00:00,554.8659363,299.6899942,3029.26548,1.231524436,48.46844531,6.874671154,81.84968761,760.0772548,37.276678,0,21.8
649,5,2023-01-01 12:10:00,522.1615868,273.6788709,3038.125285,1.674707464,50.7935762,8.560717256,81.756369,1131.522627,64.55620298,1,25.9
650,5,2023-01-01 12:20:00,652.5167011,336.5476513,3050.898868,1.199832598,56.52508111,6.689997193,83.69815168,1305.825191,45.36132285,0,22.1
651,5,2023-01-01 12:30:00,518.3458829,280.1313113,2848.166332,1.317783206,46.63971296,7.105090869,75.19427234,1218.506195,61.17640389,1,21.9
652,5,2023-01-01 12:40:00,509.2121213,268.6753913,3206.604188,1.535528112,49.068678,8.140842127,89.07495214,1075.146325,36.59404878,1,25
653,5,2023-01-01 12:50:00,483.7522623,261.0693018,3502.294442,1.495057397,41.77411153,7.970627797,71.15224976,920.9105475,42.94450591,1,25
654,5,2023-01-01 13:00:00,410.0353379,220.6269413,3016.645843,0.6898019089,41.71262861,4.746958367,69.8574534,1241.425705,60.39982874,0,16
655,5,2023-01-01 13:10:00,474.8387949,257.040667,3218.953639,1.190894035,41.03880349,6.736076027,79.00853758,1161.153414,51.67556124,1,21.4
656,5,2023-01-01 13:20:00,460.244273,249.0674526,2939.232044,0.9683760245,41.91111149,5.796118184,89.43625033,1251.372307,53.87187735,0,18.5
657,5,2023-01-01 13:30:00,453.4702142,238.2775822,2915.895466,0.8134109689,38.03076295,5.306998841,88.86620621,1240.469099,53.95960367,0,17.2
658,5,2023-01-01 13:40:00,376.9114098,204.4817996,2862.4361,0.696261381,42.8185807,4.762978759,100.0054736,1272.834995,52.76236342,1,15.6
659,5,2023-01-01 13:50:00,432.6871352,234.4917315,2952.561205,0.7509774019,43.17403519,4.81726715,61.39669605,1050.037483,49.8164922,0,16.2
660,5,2023-01-01 14:00:00,508.2835499,271.8200917,2980.249405,1.809850632,45.50546409,9.282854663,85.31469343,1056.634116,44.43022311,1,27.3
661,5,2023-01-01 14:10:00,487.9019147,273.4320537,2950.435195,1.071821116,46.26534631,6.271754744,77.14908731,1079.614306,36.76600259,1,19.8
662,5,2023-01-01 14:20:00,446.5661137,246.4728768,2517.428807,0.9216844019,45.32686136,5.816526489,86.63762945,871.8645761,35.38792709,1,17.6
663,5,2023-01-01 14:30:00,456.3344385,249.1295025,3035.99662,0.3954552573,48.22900489,3.486957803,70.40432664,980.5027393,47.11083842,0,13.3
664,5,2023-01-01 14:40:00,517.6206554,280.2120094,3026.145761,1.224898665,52.13088938,6.990838295,84.34707514,1066.387467,61.41917254,0,21.8
665,5,2023-01-01 14:50:00,518.4680141,284.4368078,2794.604714,0.9089139921,46.82432323,5.44529701,69.98007662,1013.669858,50.76663616,0,17.7
666,5,2023-01-01 15:00:00,471.9797115,256.7604003,3172.643613,1.39790775,40.14148708,7.614637141,71.23112972,1357.44307,55.72058071,1,23.4
667,5,2023-01-01 15:10:00,476.6199998,259.4023081,3103.924237,1.408009284,45.48515285,7.520941855,79.28133091,923.9687883,64.09648284,1,23.1
668,5,2023-01-01 15:20:00,478.1171524,263.3859891,3071.454819,2.288650788,45.27096829,11.12250268,81.0915577,1094.278795,51.89691049,0,31.6
669,5,2023-01-01 15:30:00,484.9808548,262.2098053,2528.820473,0.645543072,41.63306752,4.442065807,78.05411937,1066.551473,36.86655389,0,14.6
670,5,2023-01-01 15:40:00,613.2139465,328.4685421,3005.551792,1.322837898,51.15371597,7.292893452,67.33080833,1307.638816,54.16915545,1,23.2
671,5,2023-01-01 15:50:00,470.9530454,250.4900348,3423.379322,1.400982829,41.73662632,7.615913804,74.30080582,996.7534772,36.3835367,1,23.9
672,5,2023-01-01 16:00:00,441.2274248,240.8245489,2951.555351,0.6892262475,41.44103914,4.777927785,84.80170419,1036.563935,58.82085344,0,16
673,5,2023-01-01 16:10:00,489.2000646,269.6361339,3002.582167,1.847818293,47.85199578,9.295323592,88.6327501,995.9134129,50.33918586,1,27.3
674,5,2023-01-01 16:20:00,601.7884057,329.0665689,2646.710011,2.603569581,54.19346553,12.46957786,106.7234326,1049.872227,46.29878302,1,35.6
675,5,2023-01-01 16:30:00,450.0655973,,3008.920722,2.034809777,,10.12587653,82.99155817,1113.33996,44.6415501,1,28.8
676,5,2023-01-01 16:40:00,,262.4699046,3020.748309,1.357527138,,7.404861084,92.50949823,1127.40674,46.42383011,0,22.65
677,5,2023-01-01 16:50:00,497.9920847,267.9542397,2775.818342,1.448260274,44.14133363,7.89209655,75.85198672,798.6681748,60.77385343,1,23.4
678,5,2023-01-01 17:00:00,516.2798756,277.8222741,2831.725172,1.427916479,48.70646234,7.744882234,78.3949265,781.0743036,37.44617011,1,23.3
679,5,2023-01-01 17:10:00,453.9011915,253.8595781,2771.066438,1.102741686,44.2064931,6.33324485,92.36351491,1257.125312,50.63301515,1,19.4
680,5,2023-01-01 17:20:00,490.9429117,261.1848107,3105.487421,1.324464767,41.78991085,7.32319524,91.22156035,880.9629844,62.15373179,0,22.6
681,5,2023-01-01 17:30:00,433.3944682,241.3422726,2800.185616,1.651360533,43.70841278,8.540339952,89.47937926,941.2186517,64.25269035,1,24.6
682,5,2023-01-01 17:40:00,498.8441339,266.6537555,2877.184408,1.287043348,45.72281966,7.375870292,87.9775212,1145.728144,58.4749509,1,22.2
683,5,2023-01-01 17:50:00,481.55801,260.3735495,2992.514063,1.275632702,47.70112119,7.150336976,93.00215306,1018.655232,58.39531449,1,21.9
684,5,2023-01-01 18:00:00,475.8266859,256.093699,2785.643497,0.9506690993,45.43967095,5.597104455,74.10298261,892.5926807,44.90778629,0,17.9
685,5,2023-01-01 18:10:00,629.0695184,328.807405,3116.585944,1.889107609,55.54653679,9.709571501,74.64578847,806.2317871,59.08230933,1,29.7
686,5,2023-01-01 18:20:00,503.6390374,265.2704159,2770.319627,1.372954466,43.25097701,7.508009211,78.74847484,840.6467506,37.81263822,1,22.5
687,5,2023-01-01 18:30:00,496.3075734,272.2393019,3051.07476,1.056512785,45.77925564,6.119044333,68.73083861,928.3413105,46.04817619,0,19.7
688,5,2023-01-01 18:40:00,470.6169376,253.6778554,2952.430677,1.210678935,46.2485923,6.84039999,68.28743799,703.9875454,48.95567649,0,21.1
689,5,2023-01-01 18:50:00,497.3338279,274.3015727,3350.921713,1.279616755,51.40692829,7.344703546,69.6331854,1231.253747,41.759107,1,23.1
690,5,2023-01-01 19:00:00,471.8021376,253.0539486,3011.43568,1.197682158,47.54503597,6.877217798,79.99050679,959.604613,48.68763942,0,21.2
691,5,2023-01-01 19:10:00,547.8433232,282.3316707,3137.333957,1.046485918,46.21564077,6.038168759,72.52740295,1340.395733,50.74415889,0,20
692,5,2023-01-01 19:20:00,578.620241,311.3558592,3018.490981,1.553822547,53.58247396,8.273597209,82.7739787,485.6888524,52.92808045,1,25.4
693,5,2023-01-01 19:30:00,546.1763846,286.9988396,3293.860333,1.678140357,50.08829069,8.659050078,76.89905647,1043.262204,59.19499823,1,26.8
694,5,2023-01-01 19:40:00,528.600232,290.9600625,2861.137825,0.9709558515,44.64447933,6.059093331,83.85391516,1295.811742,60.30026709,0,19.2
695,5,2023-01-01 19:50:00,572.6703217,300.992129,2750.585444,1.437083759,47.84138351,7.617989363,64.43471869,546.4215583,49.84110277,0,23.3
696,5,2023-01-01 20:00:00,503.7945538,263.559446,3216.674326,1.1853691,47.34522663,6.641215012,84.96222442,948.1859188,49.68065681,1,21.4
697,5,2023-01-01 20:10:00,516.7984963,280.878963,3046.855042,1.653703624,47.51527157,8.628398471,93.53817951,950.7397788,51.60791953,1,25.9
698,5,2023-01-01 20:20:00,461.5480899,258.5903082,3258.376103,0.9759258437,43.7234085,6.04387041,81.56328659,842.030615,40.73437078,1,19.6
699,5,2023-01-01 20:30:00,538.180584,292.8125358,3128.062621,1.805504746,46.05546343,9.227968684,90.26504559,1119.641746,46.60144235,1,27.7
700,5,2023-01-01 20:40:00,544.4654328,283.7250571,3091.354427,1.726612618,47.94241919,8.919058315,84.40154907,886.8511036,53.8031191,0,26.9
701,5,2023-01-01 20:50:00,,,2833.454916,1.55185041,,8.197872228,98.97547918,969.5568036,53.11738816,1,22.65
702,5,2023-01-01 21:00:00,523.3430804,278.4907055,2841.342326,1.468814169,48.61304891,7.900005268,92.80190009,1067.7509,50.96215933,1,23.7
703,5,2023-01-01 21:10:00,487.5124129,,2993.482448,1.461143531,,7.863180691,70.75257267,1107.595915,45.18989129,1,23.7
704,5,2023-01-01 21:20:00,468.0759041,247.7116054,2792.395862,1.548732764,45.34749343,8.22023488,72.11705951,918.3185065,37.08061519,1,24
705,5,2023-01-01 21:30:00,,286.0723627,3100.296965,1.692409642,,8.695790693,77.68566682,1119.177344,54.56133768,0,22.65
706,5,2023-01-01 21:40:00,536.6859253,286.8528679,3030.051046,1.140812686,50.74205517,6.563884049,93.99017297,980.2605122,63.9188021,0,20.9
707,5,2023-01-01 21:50:00,436.5229257,228.8075274,3035.406804,0.7409565102,37.7425218,4.94860407,97.80594501,1108.625508,46.01717965,1,16.6
708,5,2023-01-01 22:00:00,524.2919357,278.8805163,2702.113365,1.095612905,48.99114038,6.527654216,85.78039359,872.9859757,67.05826717,0,20
709,5,2023-01-01 22:10:00,531.9413698,278.382858,3059.858953,1.362508358,49.29587333,7.297495569,85.84682317,1230.658589,67.39699257,0,22.9
710,5,2023-01-01 22:20:00,521.8247009,283.2650207,2677.617023,1.297765395,43.88917309,7.343726236,90.80534907,1035.719384,46.41944535,0,22
711,5,2023-01-01 22:30:00,495.6633705,270.1692532,3060.733285,1.289564276,45.69882077,7.129491623,81.00671016,910.9205685,29.14676031,1,22.2
712,5,2023-01-01 22:40:00,531.5099324,283.3250284,2560.218883,1.300126227,48.05168354,7.172530753,91.78561357,719.7827166,49.15401283,1,21.5
713,5,2023-01-01 22:50:00,469.9303656,242.0404571,3048.058592,1.207234434,43.88277126,6.757753902,75.5002954,861.1200905,49.13501961,0,21.1
714,5,2023-01-01 23:00:00,468.8220421,257.7125913,3143.225488,1.1062133,44.30027233,6.424360724,79.25420305,835.3789455,50.6202547,0,20.4
715,5,2023-01-01 23:10:00,414.6772124,224.6164928,2739.934722,1.251797268,44.82346858,6.795080583,66.35929446,1012.82582,47.3249787,0,20.3
716,5,2023-01-01 23:20:00,534.2223649,284.2466409,2963.896803,1.266640881,47.42662617,7.050664277,79.42825116,998.9804756,32.26722497,1,22
717,5,2023-01-01 23:30:00,488.9109391,262.1389122,3209.008581,1.783257556,44.4546656,9.373670686,97.02164548,1251.538058,40.01771968,0,27.6
718,5,2023-01-01 23:40:00,,271.8619345,2915.59205,1.619702384,,8.440548788,78.45821124,1003.570383,45.09171827,1,22.65
719,5,2023-01-01 23:50:00,415.5677789,222.5059951,3174.98574,2.075333519,42.59844055,10.42991855,86.5490651,1254.175362,46.5968818,1,29.4